id_passenger,TotalCompleteRides
f311277323,27
bb2c9c34fb,25
aea62ddd68,23
8c0975b5ed,23
d3a82a30c7,23
de89c3c086,22
26fd359f45,22
0aba48ec25,21
99579d2b70,21
73377d5d19,20
afa7e99cae,20
c0a76fc934,20
09aa3abae2,20
0097aa834c,20
1e13c3b8d8,20
2257e04df0,20
3a62c118ae,20
3b79922588,20
40cb0db39b,20
61643d9f49,20
fb28b29e4c,20
24f417f14c,19
8435e7ef61,19
c65367c64f,18
b10321915e,18
2039e69f54,18
00d0b4bbd9,18
690d7b0d43,18
56a8470c29,18
391caa5f3d,17
003f6427ae,17
0dbbeb0ede,17
1995a2f0fd,17
b2457545ac,17
fa4463cb71,17
db735dcd3c,17
d1d0aaef43,16
a58e2244eb,16
c82287f827,16
7b6a7f5c94,16
95e2f2c856,16
16ed24871c,16
39e837c925,16
4ba6ed12fe,16
4c71bf9b80,16
5c9c22961d,16
5cab377195,16
6aa82b93fd,16
66acbc3e78,15
57b16d6d23,15
51ced53c43,15
48a8f2b007,15
132637f2a7,15
19a43cabc8,15
07f1baf1bd,15
205dc9ab0a,15
1cf1fde2c0,15
2c52c1bbaf,15
93fa6226ca,15
8d7fa15aa3,15
861d666ae4,15
8a2d56266b,15
7d65138501,15
71d5b982e4,15
a35ce0399f,15
ac631896d0,15
d8250cf69d,15
e22cefd0cc,15
fd98551231,15
f3199c6241,15
f078e9865c,14
e4b2ae5ecd,14
e7840938d1,14
dd6533348e,14
d67bf96794,14
adbd88a1fd,14
cf9973d9fe,14
c285cd8ff8,14
b844f49ef2,14
73505d3e30,14
74fd7576c0,14
6ef1c16f1c,14
7d39eb82bf,14
89f474daba,14
8756683e0c,14
9000056534,14
93852b3408,14
993407ac59,14
9d6cd50cce,14
35458c64ce,14
26b7fe2bda,14
0975c20e00,14
0106b43efa,14
0485d330fc,14
16b3a7230a,14
4ae28f64b6,14
4f6caa834d,14
3af1d3591a,14
38db0434ca,14
617985eacb,14
61a845fe07,14
676c69d643,13
534d3e746a,13
53db918035,13
4f6bdab6e5,13
4fb25c08ff,13
4d3803ad25,13
4ed2e3624d,13
48c4c973f3,13
46eb346fc7,13
053b3e2a04,13
00b7b40b9b,13
0002a00d07,13
0c5edbc9df,13
1f2e54daac,13
31354928ce,13
29e4990ae4,13
917b1cb1a7,13
8df2c9a979,13
8d3ba434cc,13
7e91661ecd,13
812c3bf5b8,13
77091b4d74,13
7724fc36d3,13
73c2ccb642,13
7429c3c7df,13
b9f1d219ea,13
beadd2e7fc,13
a4dbfc99d0,13
a795bb7973,13
aaa1055474,13
d56032eeeb,13
ea48097a6f,13
dfa58e6811,13
e0db6fea02,13
f6c390b616,13
f714d7478c,12
f005ef8d18,12
fb8c5b0064,12
df654f7c60,12
d3b59422f3,12
dad9f50c4f,12
a2d76f3932,12
ab55fb805c,12
b743cffd3d,12
c45fc0201f,12
bac04b8392,12
d03be4497d,12
725c729b4b,12
75634c0058,12
8d29b93c59,12
8eec850c8c,12
89b4731ea9,12
9c1abcce13,12
3209e9753e,12
206e80bf85,12
0a60453c89,12
049c898ca9,12
05febdff7d,12
06d3f26d5a,12
17a1e8c5b8,12
1bcc6a77dc,12
4352c836cb,12
4f0257aaf9,12
4cd0508749,12
384f7638fe,12
376d0b8dbf,12
3d6a938b74,12
3de97ebd28,12
55da39c0f8,12
57c64f9670,12
6916a9dbd0,12
6846c65477,12
5e629c86e5,12
642412dde6,12
6420e0fdfe,11
5ec4ae1917,11
5582c97820,11
3c53f123b6,11
40ffd1846b,11
4c3ba4498e,11
4b89ece4aa,11
4ee5b034b9,11
43638bc8f3,11
1341078740,11
0448e79d3c,11
003d0bbc9c,11
0bc547d1ef,11
27ea96722c,11
2332ab2595,11
31916b87e1,11
345c43a3d7,11
290023f323,11
2e89d16af6,11
92986b1fc1,11
95fc7c0274,11
968be9d221,11
8a1aef54dd,11
84c37c7d90,11
8b595f5521,11
7261dfb948,11
6f485e391f,11
6e22236598,11
7dda990a40,11
7ca4abf798,11
cb59d603d4,11
cba5cfb644,11
cdb13fcc9f,11
c99f7fe4b0,11
caadb2b606,11
bab5246a0a,11
bd2bfbed96,11
c40eedafd8,11
c3b0b609a3,11
b72cca08af,11
b73f380401,11
b49b11f54c,11
b1f6050c65,11
b324122795,11
aac9b1af53,11
a8a4ee31af,11
a8fa407caa,11
a925cb73c8,11
d83b9b6888,11
dd5610342b,11
dad3d6a7d5,11
d3ad4d9c73,11
d2be63d41e,11
d4fa0c1529,11
dfb16a402e,11
dfeeb03da8,11
e16406f10d,11
e7c0694f96,11
e761f22410,11
f056618fda,11
f203b6f14b,11
ec864ce7d9,11
eca9e6a7a4,11
f67c1f3984,11
f2b2d5eef0,11
f78a4b7993,10
fa41ace2f3,10
e68f26986e,10
e325701d75,10
e4242f66c8,10
df9067df42,10
d4b58998c5,10
d4d9ff968a,10
d5d1c1b880,10
d37dcde070,10
d247f6274c,10
db61414d37,10
dc86e193ba,10
9e4f7808f5,10
ad03916b12,10
bab9583d70,10
b8024d44e1,10
b7f81018bb,10
b871264b0b,10
c9209c54df,10
c97f512181,10
d07413a368,10
ce37140e37,10
7be7b9a473,10
7e7f1d7ffc,10
7a2f36f103,10
7aa9bc18c9,10
8120ba816e,10
8091fc2e6b,10
7fda9e7ab2,10
71d7cbf0e4,10
77090c3d67,10
8e69e7ead2,10
8fa8bfdb65,10
86d1d6db50,10
87eb6da74f,10
968b02e35b,10
96116e7d45,10
9bfd682fe9,10
9c387439d3,10
9b26d859c5,10
9c6edbe191,10
9a91e3fed0,10
2d131e9ac7,10
3322e2c372,10
33c7ea0a29,10
2527bf1290,10
292493de3f,10
21864e56a7,10
0b9de4989f,10
0ae060355f,10
08f6ce6848,10
080c40c1da,10
014ea308b1,10
01ca3173aa,10
10f301c2c1,10
1130f9e552,10
1b0d56f4e4,10
42f5973d91,10
47f1611dc2,10
421fc4279f,10
3f5ff3af41,10
3c35aa79b9,10
3ecccec6b6,10
39ebaddbe9,10
3a5716029a,10
554a3c29fc,10
53b32e9812,10
5916ae9108,10
597f875d07,10
5e76d7cc03,10
5f97426e3b,10
661e6ae9f5,10
665fc3af27,9
6a11ebca11,9
60c56ead6d,9
5eb09c4364,9
5ee4156ac9,9
62d29ccc4d,9
5a3c20b970,9
580a038770,9
51e4039a01,9
5290f35853,9
56e8a49777,9
382f67b8c0,9
3f4063dc5d,9
471999d7d9,9
49cf586bfe,9
451071a7a7,9
4f2470cd2d,9
4baf2fd627,9
4c226f0558,9
4ceb5e1d26,9
1ca450d2fe,9
11b536d1a7,9
1229af264f,9
12c8b7a9b9,9
12fa8563e3,9
13044fe83b,9
13ce31d6e0,9
03dd470ba1,9
0705751aef,9
0726b822fb,9
067ee7a8a4,9
05c2ec5862,9
0849ed4999,9
0cc733c4e8,9
26ec4bfefb,9
2379d65287,9
33ab9afbfa,9
32fff57197,9
354f668f68,9
31facf47d3,9
32758e26e1,9
306d1978f3,9
2c3eebcac8,9
2b8dda2ca0,9
9a5bfd3f9c,9
9addbe1a27,9
9a1950cc75,9
95814ba57a,9
94499a135d,9
93cdc6d56c,9
93e4e687a7,9
87b3020a80,9
91bb417a7f,9
8e2d9f36ec,9
8e41ef3cee,9
8b63bca9cd,9
74b355cb6d,9
7104808bc5,9
7258729d75,9
73c25f2ef8,9
78234e41e9,9
7875e38a32,9
79962842ee,9
7d67a5e93f,9
7d9c6dcb1a,9
7bc3e79914,9
cbaa428286,9
cc581522a6,9
cb88e6a47a,9
cb8a409b0e,9
c93df7a5a6,9
c5a450ae5d,9
b7fcf0e4d4,9
b9d3f9d824,9
bdd0e7be5a,9
bc32672522,9
c3aed7ba23,9
c3f7047243,9
c49510f920,9
bdfbcb4abd,9
bfc54d6233,9
bfcc958359,9
aca290ce87,9
abe885c576,9
b280aac414,9
b447badf39,9
b5bac05130,9
b5f418a9b2,9
9e61c242e6,9
9eb991cf37,9
a17858e5b1,9
a2f17f30fa,9
a847d354c4,9
aae7c1290c,9
a4a1f67395,9
a56e12808f,9
dc30954ef4,9
dc31167b68,9
db67274a07,9
d8881ee962,9
d9999b8c2c,9
d3ac9e670a,9
e44c505971,9
e20f5fe9ef,9
e597d2d02e,9
fb476af2b2,9
fe15dda8ee,9
ffccb0d4c9,9
f295d72aeb,9
f4581f0d30,9
ec589eddf3,9
edc6f5c5f4,9
ee2e743e84,8
ec211b6eeb,8
f155b46d1c,8
f03d725940,8
f0d26ed16b,8
ef31a96f72,8
f7a31d3b4b,8
f657fce71c,8
f858474935,8
f97c65f074,8
e5f650a3e2,8
e829157ab7,8
e91f847ff9,8
e33fffdb0e,8
dfc7b6cdcc,8
dff960e964,8
d29db3d088,8
d5f4681d7b,8
d663f50224,8
d683f77b9f,8
dd0f5d19cc,8
a5c6f03c3e,8
a772946fd1,8
a6ffd68836,8
aad777d179,8
a9d98fb23d,8
a99f9d578b,8
a20fd426e8,8
9e4e9ceaab,8
b466219909,8
b2a85a2a74,8
b2b3ec4b9e,8
b22aeeb682,8
b327393334,8
b344a92b74,8
b02ab513d4,8
ae1e5e1677,8
af860c8cae,8
c171e32484,8
c41f761e9b,8
c2b81de79f,8
bc07ce7a79,8
b83491ef07,8
c5507eb37b,8
c8acc790ce,8
ca1dd0b717,8
cba0ea70b1,8
cd8877895e,8
cf0e235b63,8
d067813a65,8
cfa487260a,8
7d7c90b5d1,8
789227e18a,8
7ac564b6aa,8
7ece3ee6c7,8
82f65f0140,8
71934f425e,8
6ca4e455e3,8
6cc007915b,8
6efc0f24cc,8
6ff7999398,8
8b1ec29a45,8
8b3f9430ec,8
8ec5e081bf,8
90f2483590,8
879069b9b2,8
84f3650fbe,8
96cc61a490,8
9aa22ec5c1,8
9ce0e2b7f0,8
9db3ef726b,8
2ae69bd7d7,8
2ba93a0b87,8
2da8741cf6,8
311a12c1f0,8
35bb49d177,8
32cf0ecd42,8
233729ba8b,8
28c9660792,8
2098183982,8
231ede76e8,8
219a978194,8
21a1bdf449,8
1ff00be08d,8
1d6cef8f15,8
1ddf9f9d85,8
0be5df55c4,8
0c51069d16,8
08dc9ba574,8
0926815f48,8
04dcb2bc79,8
021ab93f48,8
1cca94706a,8
1b611749ea,8
1b408142cc,8
1a36d08d33,8
172b87a072,8
17984aec56,8
187b865343,8
4b831d0bbf,8
4aea86f6d7,8
4efcee9e9d,8
4eaa0c6b02,8
46809cd0a7,8
45d3491b9f,8
461bbee9f2,8
47684afce4,8
476c30acdb,8
3fc40a1f48,8
3a2e574929,8
3b6c58d233,8
56b00ce826,8
56b38cbb48,8
5685de8783,8
557ca31727,8
54da0f974c,8
5860c30920,8
593a615de6,8
5df4c90750,8
5c4e6d50da,8
62f1cddf0d,8
623da4bd3e,8
623eb69045,8
62701d60e5,8
5f2999298f,8
617e290173,8
61ea79152c,8
684932a487,8
6804ad32ac,8
692c16222f,8
69591a1bc4,8
65e3eef682,8
659d8477fe,7
68d7b24abc,7
68fc00abf5,7
6844e0b215,7
69d62e170b,7
5eae4c2194,7
63a0295de4,7
5c55474410,7
5bc129340c,7
5c03829dfc,7
5d95534d74,7
5ce0b961fd,7
597f055a49,7
5a4a140672,7
5a0f8f7c9c,7
586af8e61d,7
516d5777e5,7
3b5e064607,7
3a0b545c5e,7
36e34c7bb9,7
40418f8099,7
4117ab1f86,7
3d961b91ab,7
47357c1486,7
45b1c9af78,7
46c4e5bad8,7
4e29a05e5f,7
4e438bb3f1,7
4d637c0acd,7
5063ca8e2c,7
4ae3830b83,7
4b8caac50b,7
4c5333d8e8,7
4c555e11bf,7
16e57694d3,7
1724684e3a,7
181610717f,7
1a2bcd4ad0,7
1a6a98b574,7
1aa7a4bbbb,7
152fe0548b,7
12ccdb778c,7
125a0b7602,7
10ccef1775,7
0084646800,7
00793b9993,7
0578af700c,7
06ce986377,7
08ca77ef98,7
07219e763b,7
07a5c578d6,7
0c31602e5a,7
0dfb6333ed,7
0ede313bf7,7
1d6bb9be13,7
1cf24aa25f,7
206dd7723e,7
200e93bc57,7
252bf3e0c1,7
33c1e538cc,7
3585c42854,7
35966d5fd8,7
30bddb79ae,7
2fc988cfac,7
2e655d4794,7
2c2efbdc69,7
2c5ddd4391,7
2b3700dba5,7
2b60b09584,7
2a2eb5d562,7
2a7b340103,7
2a7fa62e9f,7
2ae02621c8,7
9b77162793,7
9a8565a0bf,7
9a36fb9577,7
97dab51dac,7
96f6ca9831,7
9738a4b51b,7
96a2d95185,7
96c2ee74e4,7
96c57d23af,7
9341c05fe9,7
851f7369e1,7
846725e16a,7
875d1d2ceb,7
88af601734,7
89fd3852ca,7
8995168181,7
8fcf499988,7
8f3075264d,7
8eeefb6bab,7
8b88777861,7
8bbda0f7ae,7
70037f3e90,7
6fbf6269e1,7
6fac4099c2,7
6ed66dc82e,7
6eb07dba18,7
6ba8eb531d,7
6bead32a9a,7
7145a5960c,7
837b2ef00c,7
83d8165d42,7
81cf8950a6,7
82bac88354,7
7f400638a2,7
7fbac0e94b,7
8114add01d,7
7aa0bad0d0,7
7b399aa873,7
781262aaf8,7
7955358d54,7
cff032c08a,7
d0791ea24d,7
cfca7e84c6,7
ccfac559ed,7
cadfb46ed4,7
c99509eb67,7
c7cb498f8e,7
c4cc8cca15,7
c695e8a010,7
c6db5a3ad7,7
c743f425bf,7
c7818d124c,7
b8c654b083,7
b9fb128750,7
baa0405f1b,7
bbea6d91a7,7
bba52aa3dd,7
bdda89695c,7
bd0542ce7c,7
bc87e5752f,7
bc9c6b461a,7
c260e49237,7
c2c2bef181,7
c2eb4e186e,7
c378eac38f,7
c03c317509,7
c06816b9df,7
bf5fa3f631,7
ae955e2703,7
afefd1a704,7
ac4b57004c,7
abe110c393,7
ac88408d83,7
b29d5bd4f8,7
b214354b22,7
b6311c8709,7
9e317514a9,7
9f161fee34,7
9fc4fbf655,7
9fe601594e,7
a0bbb7849e,7
a1fa3cf6f0,7
a2c4e83149,7
a2f8143fb3,7
a3d6132edf,7
a85cb2233a,7
a8251ec5f2,7
a70e1a62b1,7
a6b528859e,7
dd7c075e24,7
d862520882,7
d5af2d75ea,7
d2b9576c6c,7
d14fd2c0f2,7
e0743b5207,7
de7119f76c,7
e3091311aa,7
e395bfcdfc,7
e2f7e9aa35,7
e15f9e93e2,7
e1e2a8c9f7,7
e913b96905,7
e9703e0325,7
e5a87c2842,7
e4d01c4870,7
e66cc591c2,7
e72dbc420e,7
e778db4e9c,7
f8eff5ba0e,7
f67f722780,7
f5f7404726,7
f379282799,7
ef56044af7,7
ef8f050cd7,7
f0f47a2b78,7
ebbc7ee536,7
ee2ee81dd1,7
ed80f01dc0,7
ed33024062,7
ed53630db5,7
fbae72c890,7
fa3fdc68fd,7
fd5bb3c211,6
ffef12293e,6
fff04b922f,6
fe3534bd51,6
feed9f1afb,6
ebb681b62b,6
ec91c9c28d,6
efc0c82dee,6
efd31e5c2e,6
f2954a3569,6
f48c1eddd0,6
f90a890225,6
f869c5b9ab,6
f7f4369ece,6
e55a340c35,6
ea07a86cdd,6
ea81c282d3,6
e8fa469a7c,6
e833401216,6
e83717d17b,6
e23d2c5066,6
e3418c0082,6
dee661d30a,6
e114cdec32,6
e0086288dc,6
e020806b58,6
d2719e9862,6
d66de81797,6
d6212eed22,6
d5e55021a8,6
d73aefcd08,6
d95f84f1fc,6
d9e8545627,6
d918cf66bf,6
d96e732f79,6
da362c996b,6
dd8a516cbf,6
de288e6bfb,6
dcc8a5daf4,6
a67ca147ea,6
a5a82a316b,6
a519a4be51,6
a51caf87ab,6
a7c2f81b71,6
a7d638e170,6
aad260e3fd,6
aa89728c0d,6
aa7e728209,6
a3bedc9bcf,6
a2e4deba6f,6
a32a8bab51,6
a381575df8,6
a2c99a98d2,6
a2c0a5833a,6
a294dec97b,6
a1a467747e,6
a0988b405b,6
9fb763f9d9,6
a0eab946cc,6
b63c735ba9,6
b5ef6465dd,6
b5c037ac1d,6
b770d7c87f,6
b78a984081,6
b6db78ad46,6
b45e6cb717,6
b598b9e157,6
b21a089d8e,6
b19d824432,6
b28ade3184,6
b347bfddf3,6
b34d5bc10a,6
b3a05fb6b4,6
acaa9b4f7a,6
ad6f2c8357,6
abf4a67550,6
b1023b6fc9,6
aebb64d71f,6
bec7832ec5,6
c486752362,6
c23c0d74c3,6
bd360c4d03,6
be145f08cf,6
be1932296e,6
bbab9c8e10,6
b9c8b68568,6
b93971782a,6
c4c6845c45,6
c4f076b9dd,6
c50888435f,6
c55b49a801,6
c58d39c460,6
c7c8f5853a,6
c81b91c83e,6
c85be6d4d0,6
c9e0189839,6
caef5c743c,6
caf869f8c1,6
cbdd04b4e1,6
cf5a93b657,6
cf2502c368,6
cf2aadaa28,6
7ae08a0abd,6
7ad2bdbc29,6
7de7753e7e,6
7e5e9f75fe,6
7c3628c3c3,6
7c9d66c297,6
7c956e2f7d,6
8187792a11,6
80fccb21b1,6
801913acf8,6
8031508dbc,6
8048452640,6
829116d6b5,6
819f1a7fa4,6
825dc33234,6
8395d392ba,6
7794f822e6,6
6d23f29c08,6
6eba36a454,6
6ec7304fc3,6
6f362e35e3,6
6fa4727f41,6
8be0469266,6
8b476f94fc,6
8cf51e9f69,6
8e92befb0e,6
8dffbe01cd,6
8fdefe9664,6
91593fffd7,6
88da58d3ea,6
894c4cdf35,6
8978226aa2,6
87f5ff0dae,6
883b344df2,6
87b92b67d5,6
91ca1309dc,6
91f593de17,6
92007b4f33,6
923af37dc1,6
926250fbee,6
93c51dc0cc,6
94613668ee,6
988ce4f143,6
99358f1167,6
98c2c3fce0,6
9a2f95cb57,6
9a16f26331,6
9bb21bb4d7,6
9c503f9ce2,6
2abb64079d,6
29d42b176d,6
29d453eba5,6
2b2ec29489,6
2cea061ec6,6
2d442b8f8f,6
2d8455cc58,6
2ec80ac514,6
2f031e3b91,6
30df400c14,6
3053397f33,6
313794024f,6
35c6fd2fac,6
36443060f1,6
346c6aab7c,6
34c9b67fe6,6
2558d977ad,6
2581c5e0ef,6
233241a2c0,6
24568d5970,6
28eec26c55,6
2691a97d0b,6
268ab1b448,6
201ad9a40b,6
22ef9b3457,6
1e6f5b9ac4,6
0eef77764e,6
0e5ab386bb,6
0c961932c5,6
0bfd840c73,6
07cad31aca,6
080de6f5fc,6
08d328d8bb,6
0902274153,6
08c761e0b6,6
096522c414,6
099006afe6,6
070b15239d,6
05ef90c6a0,6
05593e47f1,6
0565352d66,6
01644ae638,6
128a11747a,6
14ea2d6de5,6
1524ea4722,6
149c3ea6ec,6
1314c0c289,6
12e3a1becd,6
1aacfb381f,6
1a4cc5575e,6
19c7342b6f,6
19f0daf28a,6
1ced8c9835,6
18cf8c16db,6
4c7ea59f01,6
4af2963a19,6
507f2ff18b,6
4690e40556,6
46656fde00,6
447ebdffb5,6
439f03f20f,6
471cbb3b88,6
48e2afa02f,6
4897399d79,6
42aa0af06e,6
369815a758,6
3731c5c0d9,6
38aed651ac,6
3ac58f20fd,6
3a6d69c612,6
3b54c29168,6
3badf82ffd,6
3bf66106e0,6
51e87a2ebc,6
52156506b5,6
5403ae7d2d,6
52b92137a6,6
5546d05ee5,6
55674b8add,6
55820cc34a,6
56c7adb89c,6
570f37f86a,6
5a81c24396,6
590f211b93,6
5ce8706487,6
5d57cf8f79,6
5df7678017,6
5e041b5435,6
5bb49c2646,6
5a931cdd71,6
5a9581f47c,6
5aaccd4a06,6
5b398ff12f,6
6431d668b3,6
649bbd92f7,6
629748896c,6
6240078cae,6
631c2540a5,6
63357cb3f9,6
5f916f7bf0,6
691149069c,6
6869fc5954,6
65cdbe366e,6
65daee8aea,6
6681ffb303,6
669c2f31e4,6
66a7d8a4d5,5
66f632116e,5
6708777549,5
67d05561fb,5
65052cbca5,5
65480a34e9,5
69e45ded9e,5
6ae1f11c2b,5
6b1fc2df53,5
5f58d2f5d5,5
5ec53ffb42,5
5e36d09d63,5
5e79907e0b,5
617c33b594,5
61532b044c,5
600880590c,5
5ede82d7cb,5
623c207cf2,5
63ea0dfbf3,5
5bddd5816d,5
5e284b7f28,5
59210869c4,5
592e586b3d,5
5a0abd9105,5
5a3b5d8f2d,5
58195968ba,5
57f020ec45,5
570ebd3326,5
566d578d40,5
5522983954,5
545e73c860,5
545e769939,5
533b2a3609,5
53d43a2073,5
5401854dfc,5
53cc1f20bb,5
5210db043d,5
511ea50abe,5
51b970afad,5
3b646f5e06,5
3adb92fcc4,5
39a3f0a1d9,5
392671c136,5
3920dbdc8b,5
392360d4f1,5
3966e7ad91,5
3833e8d99f,5
37290fe760,5
3807d47c77,5
38a1070b39,5
37bdb11c25,5
36a6b457c9,5
42bf9b8791,5
422ab67eb6,5
401c8ed939,5
4022988b7f,5
3c231f39ec,5
3d25b643a4,5
48663a83f6,5
48e8aed1c6,5
47147cb2cd,5
4730714c4b,5
4735136839,5
4742019cab,5
4828c947ae,5
43c98f141d,5
45d07918a5,5
457880b6f0,5
507fd19023,5
5058b7e18c,5
4d7caca576,5
4db855fa1c,5
4ddaccb837,5
4b316a7c50,5
19322cac2b,5
1796a7e47d,5
1c18216ecd,5
1c8065b5b9,5
1c0ca50617,5
1a271b57bd,5
1af6cd5a6a,5
132f72a9a2,5
13dcd16466,5
1548f5c1cf,5
16abfc51d2,5
1630469cb4,5
1295b85f9f,5
12730166c5,5
122a1d9317,5
11b54d3e8e,5
10d535d1be,5
10db73c114,5
0feba503e8,5
10557b0dd9,5
0f5121bb4c,5
0f52ca7c81,5
0f9fcf2547,5
0fe056f971,5
0164ce4e7e,5
023c4e7635,5
02a6fa5243,5
0556088388,5
04c90d0b71,5
05f6664e90,5
0576ce8b55,5
05c76df282,5
059256b62c,5
063dd587fb,5
074fde3552,5
06651e475c,5
09f5b915e9,5
08aae2bdc9,5
07fa4ef013,5
07b47fe387,5
0c1de9f3bf,5
0c50ea60ba,5
0f16ba1b07,5
0e076edfc4,5
0cdbdc0e7a,5
1e8476f2b2,5
1ece948abd,5
1f5a7ebc14,5
1de5e9f939,5
1da7c0e810,5
2230d6459f,5
2194b1508d,5
2198d75cc6,5
20357de75a,5
2055e8c8c7,5
26b5fc17b3,5
2711d68614,5
288cb03940,5
23b31614a8,5
240d0c92db,5
2315163912,5
2353dd2810,5
25ca775224,5
24d6264ffc,5
35da284a88,5
3556aff0ac,5
30bb1be38a,5
3213aa114f,5
3033cf00d3,5
2df23d8ee1,5
2df55026d7,5
2da2e82650,5
2d3a387206,5
2b59741fcb,5
2bc601e8d6,5
2a360fd3a1,5
2a3d036f35,5
9c83607f8d,5
9cf29bb3b5,5
9ddaced7f7,5
9d83af9913,5
9e0ac684db,5
9be0a1a383,5
9c33d0f3ec,5
9b7407041c,5
9a9d7871fe,5
9ad05a9610,5
97fd8a75ec,5
9464a2ba50,5
94adeb1792,5
9381fb304d,5
92bfddc808,5
965b6a0f6c,5
977aa182a4,5
97affd9764,5
96fb3b1746,5
95b8601739,5
95526731fb,5
956288c674,5
871eb9114d,5
86437373c7,5
853816f6e7,5
84b5b30257,5
85592e01b1,5
889945897c,5
88a74b1545,5
8832f8f0a8,5
894cb6cdfc,5
88f5d0d5ad,5
8927b91154,5
89f215d746,5
91460632f9,5
9153b88e49,5
91a83e8166,5
9118d8e37c,5
90604f00f2,5
9012fd54e1,5
8f7f395bf1,5
8fa76ca64e,5
8dd3e08d90,5
6f298f861d,5
6fc694b292,5
704f3e2d7a,5
702ecfd22e,5
7087d4d695,5
70a96b18ba,5
6ec3f9d604,5
6e5105160b,5
6e5915ee53,5
6bf3e4b941,5
6b5bc78853,5
6b94e4165f,5
7809ea9983,5
76eb8f2e61,5
76fde3091a,5
75ebac1978,5
757a0ae23a,5
7443d2cbd1,5
73b5b366d3,5
8440ff95ac,5
8448f74eba,5
841e76b7ae,5
819f4a19c9,5
808f902362,5
80c3b44edc,5
80c82aa956,5
816867b182,5
7f809ee7d9,5
7fee5c5ed8,5
7e9a0b4dc3,5
7d9aa812d5,5
7acdc1db04,5
7b29752ddd,5
79717e3d92,5
796b8c5f57,5
cf50dcabd1,5
cf80df431c,5
d0a2cf56f1,5
ccf28d6457,5
cd8f8c6632,5
ca17b51557,5
c979fabe55,5
ca4b563ba9,5
c7f410b101,5
c8d46b3972,5
c50c8065a0,5
c4f4a7b62a,5
c7ba1de88b,5
c72804a8f6,5
b8f19b92cc,5
b8aa5e38bf,5
b92ac88122,5
bb9321add1,5
bbd04ca25f,5
bbdf073ad5,5
bd644177b2,5
bd383f2d20,5
bce301fffc,5
c2613ae174,5
c2be25c75d,5
c345e865c2,5
c487383d98,5
bf6db1d945,5
bfce6ec2e1,5
c07bd70af5,5
c0cd07229f,5
c0f6a5cf59,5
af902be35e,5
ae479afc03,5
ae77f709c7,5
b02940cbe5,5
b06abca905,5
abba430fe4,5
ab128b666a,5
ac9a707c99,5
ad204150e2,5
b3db943c39,5
b237ccba17,5
b51778ebe6,5
b51a0f3507,5
b431441cea,5
a10619a55d,5
a1385a0974,5
9fc2423439,5
9fff9a6901,5
9f6cd1a6d0,5
9eb1a1ae14,5
9e4280964e,5
9ec98ca514,5
a2b6eda376,5
a2ed4fb188,5
a406f65eca,5
aa53e7c4a4,5
a8666304c9,5
a8849bc570,5
a90f3ed118,5
a8c6d0e08f,5
a51e703ccb,5
a522f8bdd1,5
a5791b4570,5
a659314e1b,5
a781f477d9,5
a764de9658,5
db52bc1a27,5
ddf50727f2,5
da4aee6854,5
d8729507fb,5
da106d8f80,5
d7f5bf05e3,5
d83132221a,5
d65859a2f0,5
d50f3ded8f,5
d43ed11cab,5
d3c534e42f,5
d2a7e491f5,5
d3b6cac779,5
d3649a9b6e,5
d1973b4e4f,5
dfa4854a63,5
e4183295de,5
e30099d350,5
e1ad46b4e8,5
e7dbf84528,5
e82ea1577a,5
ea9d590d89,5
eab7bd53e6,5
eb2bd2559c,5
e98e1fc4de,5
e6068401d1,5
e6072a8573,5
e60c3238ed,5
e4a16f31f4,5
e78053bd4f,5
e79b3698a9,5
e6ee5941e1,5
e72afffcb6,5
f869ec6c28,5
f8a10cc7a4,5
f98996e53c,5
f6db4219e7,5
f365d8fef3,5
f2c2a0ddf8,5
f2fd77b4ce,5
ef0325b56b,5
ef083ab234,5
f1ad282138,5
f0c624b1c9,5
f1f488cafe,5
ec78c1cc90,5
ebd6ac85bf,5
ee854b78ee,5
edd053ec2b,5
edfff1f3fa,5
ee10d4074e,5
fe9b1e7e5e,5
ff0e046179,5
fe5253da6b,5
fe597afcab,5
ffe01a6571,5
ffa491a12f,5
ff6d41a570,5
fcca14d14c,5
fbd0c05f39,5
fc7a19aa85,5
f9cb56558d,5
fba1bb1f5b,5
faa97efbc4,5
fbbdcc836e,4
fa8dbd3269,4
fc46100566,4
fbe3bf4d0e,4
fb1ab6860e,4
fd71fe2084,4
fda51a34e6,4
ff9c4cacd8,4
ffc6d2b0d2,4
fe2e3d233d,4
ff0eb25c4b,4
fec0ac3a29,4
ebc8e69f20,4
eba353e0ee,4
eb7c9b017b,4
eb7e5d47ee,4
eb5c749a91,4
ec4c4a705b,4
ec5cd91239,4
ecda87bafd,4
f202341175,4
f1f5285e01,4
f210d58420,4
f223bc93a7,4
f19de8be59,4
eec6c02b67,4
ef77e8839c,4
ef47908816,4
eff96b72ad,4
f05e000ee3,4
f257a2ed80,4
f27f3ebfc2,4
f314b21369,4
f4a3b8fafb,4
f50b656f6d,4
f53926f90c,4
f7dcc80a73,4
f7e6f202b5,4
f6a49f898c,4
f68f6eed4b,4
f957992c80,4
f96feebb2b,4
f93f444b9a,4
f8a125f1e7,4
f8c911b9a9,4
e5ef335f5d,4
e4d3e17f92,4
e4952b6880,4
e54c86576a,4
e9bcad0ee7,4
e981cf1a8c,4
e9ff363d39,4
eb3998bc17,4
ea6ee127b8,4
e9009d1783,4
e94b5d7be9,4
e9564b52a7,4
e848c11cb0,4
e2b0e943be,4
e2dda59fde,4
e2596b9f34,4
e297b3ceb0,4
e43a7dc6de,4
e429d101c9,4
e37ec5e7d6,4
e35f21aa85,4
e0268b2ccd,4
e115c1bf3e,4
e0fd04642d,4
e0e41aa783,4
df622f3773,4
d197ab3ae7,4
d1e28d9523,4
d21dc65fc1,4
d22afb901e,4
d12f6639f9,4
d1572447df,4
d3332fcafe,4
d2475a3bec,4
d29f5fc99b,4
d2d5066c8b,4
d3118f0665,4
d31de6e4ca,4
d3cbfb7421,4
d3bb0df4c1,4
d411444e81,4
d4fa6d063b,4
d5132513b9,4
d5b20b6404,4
d6663afee1,4
d5f39dc0cd,4
d6b0257bab,4
d71fe05d64,4
d7973294d8,4
d96d51978a,4
d9c78b453a,4
d9d6d87425,4
da8c543378,4
dc0682d281,4
de642a3139,4
dd7df1ee63,4
dcfa7f9e1d,4
db545494b9,4
db36b0cbc9,4
db7b09d95f,4
a797346d3a,4
a6c842c0f2,4
a61f6c02d0,4
a5bfe9d16c,4
a5f7e0c26d,4
a829e843c6,4
a960f10a25,4
aa6508efc8,4
aa701f2133,4
aaafefbb54,4
aafc063e24,4
a3d552f2d4,4
a3b393fc79,4
a35fc55de4,4
a2ed4e8f5c,4
a27f163cc3,4
a264a43e06,4
a2945440c0,4
a1a8833b5f,4
9e1436d6d6,4
9f946a03c9,4
a06c7e8d59,4
a0d2d23e42,4
a0d4eece9f,4
b44ed28bc2,4
b5620f485f,4
b57fb560a3,4
b6fa92d12d,4
b5cb8b7420,4
b5dc288e70,4
b5fc5d511f,4
b25215a932,4
b3ba8e2cf2,4
b3acdfdaa6,4
b302af9560,4
ac79ece384,4
acfe222f46,4
ad9f741d70,4
abb6e81fb3,4
b06d31d725,4
b028b97b6a,4
adb5f84f96,4
afc13002a3,4
afc298faf7,4
aef73d812c,4
c10151feca,4
c0f07b627d,4
c0953657e3,4
c07fa18512,4
c054531d84,4
c2132595b6,4
c21ab378af,4
c1dbf796b4,4
c1eeda63fe,4
bfc870433d,4
bfb1e35c93,4
bf67661af4,4
bf03ac3f2c,4
c42460cc40,4
c31f3ed185,4
bcc170ee29,4
bc83e27674,4
bddec9afc5,4
bc4d4d6808,4
b9c0177598,4
ba1f7004ba,4
baa62a2fa7,4
b8fbb1873e,4
b8cef445b7,4
c732b757b1,4
c7645fcb82,4
c6f8fe4347,4
c6bdf7fda8,4
c61db5ccde,4
c4f47b992f,4
c4ac24c25e,4
c4b6db1952,4
c4e63a19b9,4
c5033989be,4
c8f3f27ee6,4
c8ba11e4fa,4
c88032e18d,4
c88f67b08d,4
ca79a7a145,4
cc9c0d8cfd,4
cd542f269a,4
cc2d9a2860,4
cafc001c71,4
d08f3d5a94,4
cf4944c85c,4
cf4d7c777f,4
cf220ee9b8,4
ce7ec45738,4
cef1e64e97,4
797efe532c,4
78ee4f1452,4
7805ea0c4d,4
78961be9a3,4
787da1fbe2,4
787fc6a336,4
7ab6f5a907,4
7b339f8d72,4
79fa7a30ff,4
7dfb106f36,4
7d9f5c35c1,4
7d0f647a1c,4
7c76874b0b,4
7c4b5d542c,4
7ba5a294d6,4
7cc65c454d,4
7c12bafc92,4
7b7e16a5da,4
7f00b6d522,4
80f352b77c,4
834bdba0f2,4
83421c93da,4
83595a6417,4
836b985f33,4
73609601ec,4
7148a0189f,4
715a65f30a,4
715d6def9a,4
717c27e9c2,4
71bf5d09d2,4
723e8df0a4,4
75af2dc198,4
74a650399a,4
7543051755,4
76630a45e1,4
7668e331a1,4
77060771e6,4
76c93bfdfd,4
77ecca2fdf,4
77832fead5,4
6b9a9e631c,4
6ba56adc59,4
6b7eee368d,4
6bf50e1e66,4
6c2e10d5a0,4
6c3165fea6,4
6e5b3111bf,4
6de84f5555,4
6d0b89f8b2,4
6ec055d50d,4
6e67d79996,4
6e6d016246,4
70625f5a0e,4
70645607da,4
6fa6dbda5c,4
8dd0313828,4
8bd2c7e417,4
8c36a58eb1,4
8bc2f1c078,4
8b58109fa5,4
8e15faafdc,4
8f90b20abd,4
9083bdc5b0,4
90a203d5eb,4
90d8337e95,4
91484c32b7,4
916c8ef2cd,4
8a2ea9ed7d,4
8a44ab5fe8,4
8a08b653fa,4
8aa6cecd39,4
88b25153c6,4
881c94e602,4
85bcd96822,4
84de552077,4
8453f38214,4
867b25b7dc,4
868651d32d,4
87aa703342,4
9546ac6ef1,4
95763f4fc9,4
94f3638e6f,4
931a550110,4
925697ab93,4
936cbed7ef,4
938de57898,4
949f821d8e,4
9897006ac7,4
98aee2fee3,4
9829de9536,4
9980831d98,4
99976f86c1,4
9a888d2fcd,4
9a8ce56152,4
99feea3ebe,4
97afaf2d3c,4
9930c7a37b,4
99c4a7c8e0,4
99ce6d806b,4
99d949eab4,4
9bf928fb74,4
9bcef2e460,4
9dfa0a7ae0,4
9dfadde1d3,4
9ddd4bafe7,4
9cc565f6da,4
9c73ff5b8c,4
29fe6ed659,4
2951ad9f61,4
2bbc83fec1,4
2abb48822f,4
2d3a883fcf,4
2d3d6a9499,4
2d0dd7063d,4
2c75c728ab,4
2df65f4a32,4
2e7b4d273c,4
2df1117778,4
2ed079ad48,4
2fe57e195c,4
2ff10f8009,4
2ffd72a945,4
2f9d6fba3c,4
30e3bf6a86,4
32069e75f3,4
323b6f3364,4
31e25bdea7,4
31088571f4,4
359cad59d8,4
34dbefdabe,4
340477d67e,4
34178a25a3,4
3436817574,4
339ce35566,4
33e8618f02,4
32d40ca714,4
25e0a4a4cd,4
257a1f084f,4
259a6a5a8c,4
25a8ce5687,4
234478dc34,4
234618ddde,4
24361746dd,4
28b35626c5,4
28f03f168e,4
284a2cb520,4
2857a591a6,4
26f689ac0c,4
26d986393e,4
26a9f19fbd,4
25c2f2a2ab,4
2040d2253c,4
218a6fe3b6,4
220f19e955,4
221ff4ead1,4
1e467d3e04,4
1d0b22c7e5,4
1d141b1dd8,4
1d27035ff9,4
1d6fc8913a,4
1fbaf52e4d,4
2001595ec7,4
1ee59cea5f,4
1eef87cac4,4
1f14b7d842,4
1e637ff21f,4
0cf696fcad,4
0d83a1a622,4
0f1d544fb9,4
0dcb3d5d8b,4
0c05f92f67,4
0bf77ee771,4
0b9e9f4a14,4
0b74efa313,4
07a75fa761,4
0803b8dc55,4
080cff7c43,4
082d83b3e5,4
09e2d18833,4
0a29485a9f,4
0a805b1667,4
0aa7cbfe23,4
098a2c6acb,4
08e7636aa7,4
05e30afecf,4
03efcccdab,4
0434a98c68,4
02e0de2f3d,4
030e7fd010,4
01525e6749,4
0245ff43d0,4
019bf2bd44,4
019f700f9a,4
0002b64f40,4
01142b34fc,4
0f7907a301,4
1073b9151e,4
100e964436,4
10a9e43532,4
11fd995314,4
10fcf5b09f,4
16f488b6f9,4
13c3865e1d,4
13158901dd,4
1351935da6,4
1ae7200cf4,4
1b0183203f,4
1ab76de0f1,4
19f0f5f7f3,4
1bddd23503,4
1bfd845770,4
1ca0840f7d,4
1c6ce8ea6a,4
1bc8849f88,4
17143c39c6,4
1769044b5a,4
1993971c8c,4
4b82a4d845,4
4b25103816,4
4ae87ca13e,4
49f8b1f415,4
4cb2c47830,4
4c5e14255b,4
4c739a1532,4
4c7a932bc4,4
4c6d83db33,4
4bd9e25388,4
4e8a7c91e4,4
505bd0618b,4
5060b30a9a,4
4652d59ede,4
46bc67c66f,4
43b6b7ae65,4
43bdab791c,4
43fe8a46d5,4
4401cab5a8,4
4512f06968,4
4765a3324d,4
471eb75f92,4
47250ef4cf,4
48c296a8af,4
486baee86f,4
493ede383f,4
49608aca30,4
497087864a,4
3d30c52ba8,4
3c3f9c15f8,4
3c6f12bb18,4
3cd3f9a8da,4
3ce62bc869,4
3d20cda53a,4
3d95630822,4
3e342bba7c,4
3e4a00aaf1,4
3e92d2eb2c,4
409fadf621,4
3fd67cd7b6,4
42aea4eea9,4
37ca04f9d8,4
3746a04fe1,4
38a91f8ecd,4
3856756e1a,4
39889a2b05,4
3ac95bff25,4
3a800e75c9,4
3ae07b68a6,4
3ae9c892d1,4
3b1234e82d,4
3b405e77fe,4
3c13ea9f1a,4
3bc63da9f1,4
5157e6c7e3,4
53ba790444,4
541d8af424,4
5348326ab5,4
53267694c9,4
5431439e55,4
559e9fab1b,4
55ed635eba,4
565c127d7e,4
55e440e0c6,4
560b5fd0c4,4
574e14acb9,4
56d33b5de6,4
57f4a9e5e4,4
57a842583d,4
5808384ee3,4
58e3c903e6,4
5a7917471e,4
5a7bfa279a,4
596f9a3692,4
594e3330d9,4
5e3520cfc4,4
5dca05a63a,4
5de8a58f0f,4
5da0b06d41,4
5ba1522d77,4
5c6e56df37,4
5c7b3bc6e4,4
5b4ef3deb4,4
6363f4b837,4
64592fcb30,4
64422f63a5,4
625eb82727,4
62947319b7,4
6226822dfa,4
630a6bd108,4
62b43d1572,4
62e92018e5,4
5fdf520379,4
600e459cc7,4
60dcf74343,4
5ea2577a4f,4
5f2cb883b3,4
6afefa5681,4
6a9490efb7,4
69dd9e6845,4
6a1cda4690,4
6864546188,4
68bfaf087e,4
68c3920d01,4
68cf4cbfc4,4
68cf971952,4
67d0ba74f0,4
67f936a30c,4
66d6a2ba23,4
66d7779996,3
679f82b932,3
673afc76cf,3
64c609acf7,3
64df0d5093,3
650c8f3b70,3
64a570f2c0,3
64ad0714f9,3
65b8aedfb8,3
65f7cd9faa,3
68d2613a8d,3
68c586be9f,3
6a1f196265,3
6a65221450,3
6a6d53f5a8,3
6a6ed2f1c8,3
6a9dc55ea8,3
6aa0303653,3
6ac997e8ad,3
5f22e2e71f,3
5eb032b755,3
5e70614007,3
5e73153acc,3
605d10dd69,3
5fc9568359,3
63222efac6,3
61966a4671,3
6246338d9c,3
623c63f275,3
64129d6a39,3
6490d16020,3
6385be4d72,3
63aeb10220,3
63c437f494,3
5b58ba939c,3
5b245f8252,3
5afbfcf94a,3
5b0322b6eb,3
5b1baebe1f,3
5c162bdf17,3
5c4fdef351,3
5d4e04f2fe,3
5d3d7b66cd,3
5d05b4ac03,3
5da3c96c30,3
5dab9fe1c8,3
5df1875468,3
5e0277e218,3
594db35250,3
5a04f4382d,3
5a599353e6,3
5a92506097,3
5a47a8ab12,3
58972d36cf,3
577ddff483,3
5709fb6165,3
55db76cc80,3
55a808d3b3,3
558239db3c,3
559964bcb1,3
557efeff53,3
54fdaa3b4f,3
5487ffeee0,3
54a6cab6b9,3
530d99c3d6,3
52efc0d7d1,3
533d5111c4,3
53453c6757,3
535ed6c9bb,3
5423159238,3
54066a5ed5,3
541a013064,3
53a4c17f5a,3
53d0338503,3
5144e963ea,3
5254022eb7,3
3bf651d45a,3
3b4ea38ca9,3
3b10c51422,3
3addeb5099,3
3a9017c090,3
3aa03ec900,3
3a65453c15,3
3a58b53c7d,3
3a5cfb1068,3
39f5c99fe6,3
39fe5bc577,3
39e17f71a7,3
392e9460dc,3
3877210d69,3
3956cd8983,3
3924f52733,3
385a87f041,3
37604c3b4a,3
37e13d3f8c,3
37e78bcb9d,3
369d69acdf,3
427015ac27,3
427584f3f6,3
42b8183f59,3
41f6eb0135,3
4211da01d9,3
40b058176a,3
40c324b352,3
3fefc68d4c,3
408a5d44ce,3
3f791a8b44,3
4068fa4e5f,3
3e915139b0,3
3e91e25790,3
3f24b2a94c,3
3db41917a2,3
3dd89ace15,3
3e30e54b62,3
3cdfbd36c2,3
3d40d74af8,3
3ca373d8a7,3
498b5a7946,3
4928758402,3
4a0bf6eb23,3
48834f10dd,3
4910df9b0f,3
471496b93c,3
46f36722b2,3
473e061325,3
4845cf6c4e,3
47f8ba02e0,3
47fd82856c,3
4794239fa0,3
47a55aeff8,3
47e94712e3,3
44f71fd182,3
441aa9f95a,3
442892c255,3
434c45f6d3,3
43b8de1844,3
46db3a0b63,3
46a8d579c0,3
51023d9a26,3
4fbee6911f,3
4ffac01d91,3
500f1425c6,3
501ffe603b,3
4efd1448e7,3
4efe78bc48,3
4eb04f213a,3
4ef0bb7312,3
4d7aa5ce33,3
4d046e0d76,3
4d141dd598,3
4aa6c7ea50,3
4ae363db96,3
4acb88590c,3
4bca089c92,3
196cc58aa8,3
190a8db3e4,3
18ac53ae7c,3
18bc5b6966,3
1841159e0f,3
186f400282,3
1c4c74e073,3
1b81bb02f6,3
1b413986c3,3
1b36df7e47,3
1b3ab936ee,3
1a334d54b3,3
1a3ad52231,3
1ac635f3b5,3
1adc0be9a1,3
13102fb8f1,3
12f6c4e450,3
13152b4fed,3
139eae4f2f,3
1403b8e793,3
140e033981,3
1633a99f8c,3
148e7cdb71,3
15a7d234c3,3
1110160f68,3
11ecfe0962,3
12a473f865,3
12c94859ef,3
10072d12a9,3
0f92907da9,3
0fe39b1721,3
0fc482722e,3
00e0400895,3
00f2d23dbb,3
00acec70ff,3
0046e1ab88,3
007a23a91c,3
024f19cc83,3
0201163901,3
0244417d42,3
03c34b9411,3
02ab99f830,3
04aca3e477,3
0489f83acc,3
04db8a119a,3
056ad0d3b8,3
057ca2585c,3
069bacb860,3
0951cbe061,3
09c60cfcb3,3
0a0a1a0165,3
07ce41e5e1,3
0b0a17e5cd,3
0b6459de82,3
0bc18ef681,3
0cae96f03a,3
0cb1395479,3
0c76b210c9,3
0c82815e6b,3
0ded3983c8,3
0eab8ae629,3
0f3cd09ab6,3
0d7fe035a4,3
0e0b381fe5,3
0cfeb3c596,3
0d0138bc18,3
1eb09055fe,3
1ebebe4981,3
1feea0bbe1,3
1f95d0b750,3
1da2baa6bc,3
1d6b8049bf,3
1ddc8d57e0,3
21c5700f8a,3
2323006c06,3
2290660dab,3
229b14833c,3
20a82c011e,3
20a5e1ee7b,3
203973d1a4,3
20618ea7c3,3
268e40cd0b,3
26d3a2f54a,3
2712015baf,3
279c077f64,3
279d047e51,3
28dab94619,3
2928db6ffd,3
286f8e234f,3
231adff2f2,3
2385449964,3
238be04ab6,3
25a2b2a572,3
2582db6d0a,3
2566daf6fb,3
331f19bb02,3
33e0c065e4,3
3404212899,3
353e6b30d4,3
347e5495a1,3
34aa9e4f2f,3
34b21f957f,3
36375fcd35,3
35cd28255e,3
35839634ce,3
31187a3925,3
315af52cee,3
31dfdd73f7,3
31ae7e2079,3
32c8c8811f,3
32acb463f8,3
32b2f89ce9,3
325de1b9a2,3
30e6cdc9f5,3
30c398067f,3
303596fc68,3
3007bd5193,3
301c599101,3
2f8c19c69c,3
2e3b65ceed,3
2dad9d4fde,3
2c1c487ded,3
2d013fdf79,3
2d2c469fb6,3
2d8d71ad16,3
2db0b2332a,3
2dbfc39b46,3
2dd98ed91c,3
2d6bc52941,3
2b79e48c5f,3
2b208eec3b,3
2b20e1dd9e,3
2b235fbb2d,3
2bb9b3b8f6,3
2c10e7586e,3
2c6319fe7e,3
2c67cd4978,3
28af80de94,3
2a6f63715c,3
2abe96d07b,3
9c50b31af5,3
9d16aff7c5,3
9d2a125cfc,3
9d39380ded,3
9ae6fe4668,3
9b499456b1,3
9b94c51cd1,3
99bb4894a3,3
99112efd49,3
99ea4882dc,3
98b46131a2,3
98fdfaf703,3
9860562754,3
97faaebc49,3
983e8a8231,3
9847ed0ee8,3
949c410c86,3
949eff4775,3
9369291b42,3
91b7c97fb8,3
927c6143a4,3
9228b201e9,3
923071fdfd,3
93225d9c34,3
93646adaa0,3
92c676d7ab,3
92abd14162,3
9509b435ce,3
9527b5de23,3
957688544c,3
957dd094bd,3
94eef87a7a,3
95d0b61aa6,3
95fcbd9520,3
96be546bf5,3
97cf958766,3
9713fe9008,3
96345ad71d,3
963df5e967,3
879e885db8,3
8729a2c6c4,3
8750001101,3
86c7b6c51a,3
84d1f10006,3
84a827a0a4,3
84f3968d1d,3
85546a3614,3
8556db5b3c,3
84f917afeb,3
86179aa79a,3
8572f69ea0,3
88ae7ff24f,3
88a04d77d2,3
884af2e79c,3
89165ee0c7,3
895ada8238,3
8aaf7036d4,3
8a18c61169,3
8ac789207e,3
8afec1d91d,3
89d759ba81,3
917cc8923b,3
91642a5d61,3
91994124ad,3
909456f716,3
90c670afca,3
90c7cf780f,3
8ef87516be,3
8f11fb26ad,3
9017fc14ae,3
8fee9791e4,3
8ff0d1fb43,3
8b8cfcc647,3
8c49d2cbdd,3
8d7469c5f3,3
8e0c2e0a0b,3
8dfdad60e3,3
8ee57f33da,3
6fb3532aa8,3
706a331f9a,3
7036844467,3
70c038af41,3
70f32b6e3e,3
6f4d79cd2f,3
6ece4d0a52,3
6ee3787690,3
6d17d3ab34,3
6cc6d14cd5,3
6d63709a45,3
6e248eb95e,3
6c3474cef0,3
6c3a009253,3
6c2c864333,3
6bf50ea489,3
6c092a362b,3
6b9faa7737,3
77750bee95,3
77f71e2ac2,3
77b3cf0ddb,3
77bde1045e,3
768249d628,3
7562a62b2f,3
74a29e628b,3
74d6164956,3
758dc6183d,3
75fffbc53d,3
760a322dde,3
7610c0181e,3
7239e34b0e,3
7282e8c0d7,3
71a174ae8a,3
73779d9e6a,3
72ef14580c,3
72c3ce6c0e,3
7455399985,3
82b80225eb,3
841fd4c7f0,3
83d74a6c47,3
83e3815b9e,3
819f482a76,3
81d35fd4e7,3
8276e86fbd,3
82c47ef9f0,3
82cfe214ed,3
82e054f718,3
832272ffd8,3
832587db80,3
832fe36ae9,3
816a258989,3
808c3917c0,3
80aa93a715,3
80675ce514,3
8072a49b59,3
7f2aadbfd3,3
800b8ff96a,3
7b8b8c97c1,3
7b8d04b736,3
7c3b84713f,3
7c3f5aad7e,3
7c97bbfc14,3
7e38981587,3
7a10be3d6f,3
7a2e746e3b,3
79caa2b1c1,3
7adef5a0f3,3
7a83773b2d,3
7b2a0aef93,3
7b15560889,3
7b1fef1379,3
7b4c5cb823,3
79017be3d7,3
79250a0da1,3
795f6ff570,3
cedecc0b28,3
cec11581b4,3
cf1c625f70,3
cf27a79418,3
ceff471281,3
d0a7af1f0d,3
cfcd8950e7,3
cfe69f18d9,3
d029886e23,3
d011764b2f,3
cadbfaeca5,3
cadc9dc834,3
cc3c853f10,3
cc1e3872d4,3
cc2854517f,3
cd71879575,3
cc98cd1d13,3
cc9b6f1d1e,3
cda16eb243,3
cdc258a762,3
cdd0818dfa,3
ca7ed4f493,3
ca5741c5af,3
ca22dfbd1e,3
c98510f726,3
c9cad84d50,3
c81fb58eeb,3
c9683d8d33,3
c80f8a948e,3
c8b9743cfe,3
c89b043a99,3
c89d14dccc,3
c5e3607f6a,3
c4d0cde905,3
c623f901f1,3
c5f762fac2,3
c54169018c,3
c6bc129528,3
c74d335208,3
c6ed9914a0,3
b84708f565,3
b817cd0056,3
b7fb6bead2,3
b7da5ae0fe,3
b7efded820,3
b799b42adf,3
b7a4d51cb7,3
bae484452c,3
baa4edf5b9,3
baa57af494,3
ba518bb26b,3
ba834db6e8,3
b9620e7289,3
bc4fb3837a,3
bc2dcd2c97,3
bb9b84398a,3
bbb7764c75,3
bb0dc04735,3
bd15104710,3
bd60729a14,3
bcae9ff0ef,3
c2cb06f32e,3
c331ea320d,3
c33820fee8,3
c27fc9888b,3
c280ae7cb7,3
c277168c35,3
c4356e5a39,3
c4809bdee5,3
c48176fd0a,3
c25ed7379b,3
c3add4b3c7,3
c371dc0009,3
c39131a922,3
bf0e417c4d,3
bec9ede35b,3
bdfe86a5f8,3
be0e861773,3
bea5ac23dd,3
c0045cb713,3
c1f819e960,3
c1315be3a9,3
c16b187d56,3
c2381907ad,3
bf9f0ebf4c,3
c06a1758e5,3
c0746bc158,3
ae7b05cb6f,3
ae8f57797d,3
b05d5357d8,3
b0c99d8e24,3
b0b115d34c,3
b0d418866a,3
abb36defc8,3
ab9b499e16,3
abaa91f5d7,3
ab65daf9a0,3
abf7b02e34,3
ac07349586,3
ac4fbf1094,3
ad59b09b34,3
ad561d2368,3
acb08df48b,3
acbc9610b3,3
acdb9d443d,3
acf3a739bc,3
b2eaffaffd,3
b33a91d50d,3
b3497026ed,3
b26c939839,3
b39fd5f6c8,3
b4001ec66e,3
b41d042c28,3
b2450fbec3,3
b17a810f29,3
b188c3b746,3
b200e306c5,3
b64cedf0a2,3
b60c7bea03,3
b67ea0ed73,3
b74907f498,3
b552d9e0b7,3
b4ff0cda9e,3
b52ac01cd5,3
b486a51b2f,3
b4d5b40958,3
b4d980860c,3
a0e8542330,3
a17a72af6e,3
a1a45d44ea,3
a0aace42e7,3
9fab6c7669,3
9f91a3f4ef,3
9f8c09e4bc,3
9f72d4b3c6,3
9e2717386a,3
9e6b0b0d3f,3
a1a510becd,3
a2043fc308,3
a21ef3b029,3
a33ce6c099,3
a340ae5e98,3
a3c4871c30,3
a41ec135e4,3
a430c5d40e,3
aac4355e44,3
a93c39efac,3
a9a0b6aa9e,3
aa06cfeea2,3
aa0bbc8337,3
a8a32c687c,3
a5bf5e7cc1,3
a5b4b84488,3
a53c54b519,3
a4fb241d02,3
a63fd7211f,3
a629f22a4b,3
a655d97186,3
a69cbcd220,3
a6a1f1cfb8,3
a6b222bead,3
a73efd6b9b,3
a76cd8ed8c,3
db0d438794,3
db3ac459e7,3
dcbc864f13,3
dcb782e651,3
dcfb3c0288,3
dce6f21f3a,3
dd2e89f94f,3
dd9fe5150c,3
ddebcb298c,3
da92b03a81,3
da4292a469,3
dac57e82d0,3
d944f05973,3
d97197dc3b,3
d97c42bed3,3
d7874d0e6c,3
d7d1246c08,3
d7ddeaae95,3
d8410aaf7f,3
d89861ce4c,3
d8ec9fd479,3
d6f17932f1,3
d7134d35b4,3
d688651057,3
d68dc3f7fe,3
d663696a91,3
d628f5ae4e,3
d5b4e58457,3
d5693b3674,3
d51cf53d00,3
d4a4080d83,3
d4b4cb8999,3
d2d0a4b670,3
d27e76ef6a,3
d13be69ddd,3
d269c6ffac,3
d21cbe1b03,3
d1fd68e5c3,3
df9d4e6411,3
df0b64e28b,3
df10d1e06d,3
df18ae854a,3
ded2ab6aa8,3
de90f4a503,3
debf6bb123,3
e0ca0809ff,3
e0d44296f8,3
e125fb3901,3
e017feb213,3
e063a57275,3
dfe987c843,3
e360373c94,3
e366093179,3
e35d23e581,3
e42cae27c0,3
e42372585f,3
e3d0c3e4ce,3
e3df77daac,3
e25429d137,3
e1e1f74e8d,3
e2ea188dba,3
e1ba536eab,3
e162a1dc4f,3
e19194b8f8,3
e7f9ca9cca,3
e80b42d34a,3
e83fc6039e,3
e775bb144e,3
ea8859f83a,3
ea0d3c603e,3
ea2aeeab1e,3
e628e99651,3
e51660e447,3
e68f57c47d,3
e6b46e0f8b,3
e6b9ec0490,3
e71f11cb56,3
e706c318ec,3
e72f1e96a6,3
e741c9483c,3
f916462a67,3
f8c137fb23,3
f61e695ee6,3
f62a94cb1d,3
f6459857a8,3
f72b9fb0a0,3
f7eabb3f2e,3
f6e6f7d43a,3
f5c2f82dec,3
f473c51ef4,3
f55f709334,3
f4e7fb3e70,3
f4fadd2a8a,3
f416ae310c,3
f32ea4a386,3
f396b3d3c0,3
f3ab37129c,3
f3ba416d10,3
f3c6e84bad,3
f3ccadac00,3
f25bf0f2de,3
f0001294f1,3
ef9518f8a9,3
ef822d37b1,3
eeb33b88a8,3
f1ae958dd9,3
f188139089,3
f12cdd13e4,3
f1625ac0ba,3
f201678bcb,3
ecdb8def4b,3
ea60ab1273,3
eb74f2c4a4,3
ee1e3cde44,3
edd1afa0a1,3
eddde5bd27,3
edf1286a76,3
edfd416641,3
ee87dd62c2,3
eea2460a1c,3
ecf80fddb2,3
ed1314c732,3
ed1eb36158,3
ed2101caec,3
fef9859ab5,3
fe45911807,3
fe6f9c5aae,3
ff899ebf09,3
fdb09abb00,3
fd45c93fa0,3
fd0439309c,3
fbc454bc7d,3
fc9aa75a46,3
f9d233127d,3
f909889877,3
f9fd7c9efc,3
fbbed12fa8,3
face0e2789,2
fb4f24ebde,2
fb38d37fa9,2
fa22132192,2
fa8419ddf8,2
fcb4b75153,2
fc4c4f0c83,2
fc686a43ea,2
fc43cfe40a,2
fd1c66e711,2
fd1f32457a,2
fd5a03208f,2
fd642c095d,2
fd681a8594,2
ff352f03ba,2
ffec1fb43c,2
fe1d650ef4,2
fdd9208e87,2
fdedc1bbdc,2
fdf7b8a832,2
ff19763a6f,2
ff254fd005,2
fedbb9f6e7,2
fef49ecc35,2
fd8191c7b7,2
fea15187ca,2
ed2c19100c,2
ed9435d8e6,2
edcb053b1c,2
ec900f0772,2
edc3d80119,2
ee8ed9b21a,2
ee063f475f,2
eb6fbeaa40,2
eb879fa48d,2
ec33da8034,2
ebdba1c9ac,2
ebdd77d368,2
ec0def6259,2
ec97b721d1,2
eca3ecc9cf,2
ecb964d491,2
ecbc6cfe96,2
ec62af8745,2
ec6f993025,2
f20af3dc25,2
f1e632f4b8,2
f1c0bea96d,2
f1c99404d0,2
f18d7ca00b,2
f17d753370,2
ef7a1721fc,2
ef4b6f53bc,2
edcf83582d,2
ef46be2407,2
f014e02322,2
efbb42f52e,2
f0d7b0db53,2
f0878c596f,2
f0c4bb5d85,2
f28ddf1749,2
f279381e55,2
f27c2ea39d,2
f34b1febc7,2
f2ef1c420e,2
f329bfb436,2
f317d842e1,2
f36b33eb98,2
f37194357f,2
f43e403648,2
f44f40b4cd,2
f46d115467,2
f4a3e68a5e,2
f4c93681b3,2
f564404197,2
f51cb2babb,2
f54a6ad3ab,2
f5b1493edd,2
f5a10fde52,2
f767d8e283,2
f76d72c84e,2
f7a4753a45,2
f7377965a6,2
f6c5014e02,2
f63da4bc4f,2
f694dbbf3b,2
f6a19f6063,2
f65b888941,2
f664097e6b,2
f8e6da4575,2
f9361ac600,2
f97b9b2d4d,2
f95bb2cde7,2
f9a9dd8570,2
f6d78a057e,2
f8baea7bd0,2
f80b1e7a0e,2
f82ea2fa29,2
f83326ca9a,2
e755f8aad1,2
e75bcd3433,2
e740b6ecec,2
e783360651,2
e76a4d0cb4,2
e4ab1b29fb,2
e4d46e75e9,2
e514f3146a,2
e45a143f11,2
e628a98f0b,2
e5e25c7260,2
e93d33cb8d,2
e9cf7cf973,2
e9ea2c4e63,2
eaade84351,2
ea5337f281,2
eb3b7a5c3c,2
eaf971e558,2
eab9dd9a7f,2
eac00ceade,2
e8fdcbb2e9,2
e930ce1b00,2
e844745f0f,2
e7dda1639d,2
e7f0b4ad8d,2
e8a934b875,2
e8afe41173,2
e1a6f4e805,2
e2108321ef,2
e2aa37e637,2
e2aef91ecb,2
e26fc90ffa,2
e27bf7c3b5,2
e402e7fa64,2
e3cad67f15,2
e41e98051d,2
e428bca1b9,2
e441e512c9,2
e325efa59d,2
e36ab55d5d,2
e383b5e99b,2
dff002271e,2
e002ebfe49,2
e14ed798af,2
e11b4ef71d,2
e0f6e872f1,2
e0825d2c93,2
e0c4b11ac0,2
dec8204893,2
ded43fbbcd,2
df25c89707,2
df2f2d7b6b,2
dfaaa69eea,2
dfd0d471d7,2
df46aa5b98,2
de895e0d6b,2
df8bd75f67,2
d201001a81,2
d19bc49a84,2
d23e6603c6,2
d1561bef5c,2
d182180aeb,2
d1876fa819,2
d18bcbcf65,2
d0b98cc8c3,2
d0c9edb514,2
d0d2b4c99c,2
d0e4ab687a,2
d0f680d5fe,2
d2d169eb3c,2
d31994120d,2
d3b8485195,2
d3acb0e0b6,2
d3601bb760,2
d4b3d08147,2
d3e1f11a0e,2
d52f0b3c3b,2
d4fff624a9,2
d5896baca1,2
d5b76bdd61,2
d62b207c94,2
d59227ebb6,2
d617c3427d,2
d5efa0d067,2
d6bcd569e2,2
d69c8b4ba7,2
d8f6d46eef,2
d914df19ed,2
d8377a7ca8,2
d801f16374,2
d80ae177bf,2
d80c22ec37,2
d685aadd36,2
d7a383730a,2
d9402d4e19,2
dae038c855,2
dae40efb94,2
da2b2c1554,2
da52481200,2
dda99b2be4,2
ddc7e41e57,2
de666c6ebd,2
ddf841daa2,2
ddf9295db6,2
de4bb3d122,2
de4d05db4c,2
de5191b021,2
de5470d28c,2
dd4bcb70c9,2
dba4f6bb13,2
dbb6db24c9,2
db94a81ca8,2
a76d3b8d31,2
a76d3e6f78,2
a6b468d76f,2
a6ee9fa2ee,2
a69b0b3ef7,2
a65d424595,2
a684db277d,2
a62c39cd76,2
a6421af97e,2
a503eb5160,2
a50b86fc69,2
a478e64ed4,2
a4ecaa6de4,2
a550713aac,2
a5becf95a3,2
a4a1dc26fe,2
a601ab8bbf,2
a5dc79e7b3,2
a5ea7a4d17,2
a93c27367b,2
a92ad381a2,2
a91d2c8593,2
a8ee883936,2
a8f7a1f049,2
a8cbf7507e,2
a8d435d5df,2
a814ddee6c,2
a8a07a1d00,2
a7c8583945,2
a850ba0e89,2
a86f1d2c34,2
a871720ab4,2
a93cc2c610,2
a9497614aa,2
aa287089e8,2
aafcdba331,2
aae9d838d4,2
aaeb711e6a,2
a43c429cf6,2
a4490f44b7,2
a44bd2ef87,2
a3b520431a,2
a3879fc152,2
a2fc0744ce,2
a30be40b47,2
a2133fec5e,2
a1fd98f524,2
a1ba25cd40,2
a1f099ada6,2
a2d4b966d4,2
a2e389b243,2
a2691b720e,2
a275f83612,2
a243aebb98,2
9e6ddaf521,2
9dd62b3953,2
9f89fa5b04,2
9f18fe276f,2
9f8cb29d33,2
9f90ec5c17,2
9ffee06fb7,2
9fc9f12f5a,2
a05493a304,2
a1611fcf70,2
a16b4148c3,2
a170be39e9,2
a1421a8cf1,2
a10679f33e,2
a12926930a,2
b3f4bf1434,2
b52fe2a58c,2
b543728664,2
b5517cc084,2
b51db88edf,2
b4c8758696,2
b58ee9ab59,2
b7632e53d9,2
b6bcd8c529,2
b71cc0f49a,2
b6224f5e3b,2
b65f7a6c53,2
b5e89dad1f,2
b5c18414e9,2
b1a15d2499,2
b1a6ca0e22,2
b1b1d1534c,2
b24dd89f76,2
b235968bcb,2
b1cb3cfe99,2
b22526f282,2
b264a7eddb,2
b3bb531fca,2
b3700ea2f5,2
b34d2b6899,2
b2a79f660f,2
b2d4efd92f,2
b2e5fe30c4,2
ac6052f26a,2
ad59642687,2
ad15bb0778,2
ad7ea15c0f,2
ad80617a9c,2
ad99824434,2
adcfb5007a,2
ac5192d3fb,2
ac337bb9fb,2
ac38816030,2
ac3b98019b,2
ac186275ab,2
ab804f52aa,2
ab2090d30d,2
ababdb3f04,2
aba1405e2f,2
b0b7bc5c59,2
b109a32414,2
b12078e04a,2
b06b6c667d,2
b03a61b7da,2
b03c0e3c24,2
b04dac775e,2
ae83859473,2
ae1deae4ae,2
ae5bade690,2
ae26f99d45,2
ae2f8b81da,2
ae45c7d8b7,2
aee6359321,2
af52fdd457,2
aeae18bc9e,2
af929358d9,2
afa5c12e96,2
af8c171f3c,2
c06cd602aa,2
c08d4536c1,2
c19343d48b,2
c007519713,2
bf4de38d01,2
bf907e61ca,2
bea1187ebf,2
be611d38c1,2
be688c9faf,2
bee4e41582,2
c398505f3c,2
c37687f032,2
c36be31dd9,2
c3ed8982a5,2
c3ee86623f,2
c4977dcb23,2
c428b872f4,2
c277cf94d3,2
c28e267b8e,2
c28ead8075,2
c3383935d9,2
c33b8bb656,2
bcb154d8b1,2
bcac098c9b,2
bca125979e,2
bcd0dd8775,2
bcfa287e7c,2
bd0bc301af,2
bd8e218bde,2
bded1fc4b8,2
bdef3d9306,2
be3c48e2e4,2
bb4f4fbaff,2
bb7bdb5de3,2
bb7ffe6c8a,2
bad160b1c1,2
bb8acd9ae8,2
bbc291fd78,2
bbc45a58e8,2
bbb0e7832e,2
bc483163ef,2
bbd35bbbf0,2
b964b30011,2
b9e6aaa014,2
ba231dd03f,2
ba431e43a2,2
b9fd2484e9,2
ba033c48d7,2
ba7e3cfe0b,2
ba996f998f,2
baaa91c119,2
b745f5e347,2
b7cce39e16,2
b8246d4f90,2
b86e9f73d1,2
b94381ce09,2
b903c3b2aa,2
b88f1eca6c,2
b89148432a,2
c6cb961329,2
c6fe374541,2
c66882acf7,2
c656e049fc,2
c63b33dce4,2
c41dd921dc,2
c51330dc10,2
c51a4e2a98,2
c52b459933,2
c53fd0e201,2
c5d4d3d238,2
c590a7d5bb,2
c5922a4fd1,2
c8bc9df17e,2
c80b2100cd,2
c7f1fbb99d,2
c8926557d1,2
c897a9d0e0,2
c9d2ff8922,2
c9e2ddec33,2
c985011fab,2
c919558bbe,2
c9ab8306ee,2
cde7ccc903,2
cdbfc87b1a,2
cdb8a41251,2
cd91dd5146,2
cd976433c7,2
ccf591acdd,2
cd080769b9,2
ccde0d20c9,2
cd3bfa383f,2
cc43e94a17,2
cbcdfc8e53,2
cb2cafe567,2
cb9081fd1f,2
cfb309bb50,2
cf7a36f9bd,2
cf7ac9991f,2
d0571195ac,2
d04648ac76,2
d092035e92,2
d08009e5be,2
cf04d77607,2
cf13ccb9b0,2
cf48029e32,2
cf47214278,2
ce1db3003f,2
ced7be8f0e,2
cef395ed08,2
ce5d56c55f,2
ce3b4b514f,2
794c292465,2
79208dd361,2
78b81a7160,2
7b5339d392,2
7aab251ce7,2
79e7635207,2
7d99d853d0,2
7d0ed8e6be,2
7c593f5861,2
7cafed7e26,2
7cb0a27e6e,2
7bef1c1bae,2
7bcf6970dd,2
80167ada41,2
7ff7c2cbce,2
7fffbfa038,2
7faca0977e,2
7e94b72566,2
7f1a62b133,2
7f116f8723,2
7ef3aa20c9,2
7ede427c4e,2
7ec9cade6b,2
8063951393,2
803491f507,2
80b1f3dcd2,2
7fd242c014,2
80a49383e0,2
813f304c1e,2
82aba724f2,2
82916f8faa,2
8295d151ea,2
829fe2e98c,2
81b37610cd,2
81a6a380bc,2
826957fe37,2
8254cc5775,2
81e8b566bf,2
83accd5e42,2
83af5349cd,2
841684642f,2
838deb2c6d,2
8355a6e515,2
831f2903da,2
74884245d7,2
743ed7e3bb,2
741c0092de,2
73a2b75990,2
7387b6055d,2
73d410aabe,2
740d3c3908,2
72cda096fd,2
71b6616148,2
725368cc4c,2
71c2f7a2c1,2
6ff2c2ae81,2
7223beaaa8,2
762edad740,2
75d4439f20,2
75e230e645,2
7504e6cb75,2
75673281cf,2
7570990a1c,2
7556556464,2
76b279e3c1,2
75f236c785,2
7686f8d16c,2
76d538bf8d,2
76e4a5fff0,2
77d4470924,2
77b6e52980,2
780a0ff4bf,2
77779a125f,2
773ca15e15,2
775d75edc3,2
77709b496d,2
7796734a0b,2
6b479a496e,2
6b632b7b91,2
6b74324c00,2
6bfc393593,2
6bbe99d6b1,2
6cc4608577,2
6c508c5fb1,2
6c54d1949e,2
6c620b89d4,2
6e6416cb1a,2
6df11cf9cf,2
6dd7dcd001,2
6ddb7e5c90,2
6dacc3b77d,2
6dbd4f5eed,2
6ceb7f500d,2
6cfb91ecdf,2
6e3c445c20,2
6e779304c0,2
6eb7cb3e38,2
6c8d47eca1,2
6e9974155d,2
70f75f66d0,2
70e239ce38,2
70e2c5e73f,2
7080af8936,2
6fa037b25f,2
6fdad734c1,2
70207753b9,2
8eb0d8a988,2
8e7b3f7d93,2
8dfb805432,2
8e2e1ded1d,2
8d920a2963,2
8db2a2821e,2
8dbebe0f5e,2
8df228d075,2
8df441110a,2
8be749ae69,2
8bf10a661c,2
8c9c3fa633,2
8d422ea2a6,2
8d4f043674,2
8bbc7ac3f3,2
8b2bcff983,2
8fb760b184,2
8fe66ea479,2
8fe79106b5,2
9014a3178d,2
90590820ee,2
905ac95e78,2
8f18dcab7d,2
8f46a0c81c,2
8f5152a5c9,2
8f9e90801d,2
8f8d3f766e,2
8f5de77700,2
90b3c1d901,2
90a264731b,2
9065f61265,2
9068c67410,2
9184c8232f,2
89d524a5e0,2
8a64d9ff74,2
8a6d09411c,2
8a7376e19d,2
8b147ac741,2
8b1c7f2634,2
8acba843de,2
8af2ec6a78,2
8af4606aac,2
8970d96a48,2
89203f94fa,2
8919b1095f,2
8908ecf539,2
88f1d1de78,2
886151ceb1,2
87c83b4f2d,2
85c9fa66f8,2
85cf71a3cb,2
854d831167,2
8482bb0542,2
8462a35b8d,2
846c529855,2
86ca0f1b2a,2
86d50b2a25,2
86f3832458,2
86faea3596,2
864a5819e7,2
86228d3e13,2
862e723867,2
863856bcbb,2
8725751939,2
8778b448dc,2
8674cfdade,2
8781c95e0b,2
96425e4b21,2
9670b8b433,2
968133462d,2
962c608983,2
96ba18215d,2
96dfce1263,2
96e6151384,2
97d4f23350,2
96f2f920df,2
9703b955da,2
970d1df4ac,2
95ffa9d297,2
961a5c4f0f,2
95b01bd1a7,2
9532476e99,2
951dd1d883,2
92a442507f,2
92e8778d4d,2
930a9aed21,2
9357e6a7a6,2
935c188197,2
9215dfee7f,2
92214b8f2a,2
91fa3a3666,2
9272e2b298,2
9256c2dbfa,2
93fedcaddf,2
9451e491d4,2
94e416ba04,2
94bfaf01a4,2
94ae319851,2
980f96cff1,2
98333bb716,2
98b28613d4,2
98c1878de8,2
9a076bdc63,2
9a1550be84,2
9a30318e4a,2
9a548aef7a,2
99e0cfda59,2
99d57b9123,2
9a91350ac4,2
9a6c10fc78,2
9ae5ed4384,2
9a9be08f49,2
9acbb10867,2
9acd4b6e1f,2
9b1d3e20ee,2
9b3e89ec91,2
9bd79ce56d,2
9bb21d6e9e,2
9bedf7b477,2
9c4047a307,2
9d3eec92b0,2
9c35833df6,2
9cbe7c6b35,2
9de75c3624,2
9deb924e8c,2
9ddcb09564,2
2a6b708ac1,2
2a55335968,2
2920a4159b,2
29651d307e,2
2967f32ba7,2
2a05af6ab9,2
299f26ae03,2
2c6fb33e15,2
2c7023ad07,2
2bd1adc60a,2
2bb1a5bfc1,2
2ba2bdb877,2
2ba65e3f84,2
2b6de85562,2
2d642a3c96,2
2da1ccb8b0,2
2d053c930d,2
2d15ae9b7c,2
2c85c09d94,2
2daec36961,2
2df4755ee7,2
2dfe7ca9fc,2
2e32315fbc,2
2e6e8928b5,2
2f89253d90,2
2f5a34d3d1,2
2f26061d3c,2
2eb672b807,2
303506e793,2
2fad1f4bff,2
2fc72f2305,2
2fdc9bc67c,2
3049a87017,2
3084b77898,2
30e7943166,2
322ce2a043,2
32314a87fe,2
31e1952285,2
31db4d6ca4,2
315e175964,2
31111667ce,2
35b603f9ba,2
35c8e63bd1,2
35d597b4fd,2
35f55f70c4,2
3569b0f12d,2
3571b0322e,2
35a3af7347,2
35a717ed7c,2
33edb8b2e4,2
33fe7c3c78,2
33e65e6e46,2
32d4edf4db,2
335acf1daf,2
337cc35cdf,2
344196e000,2
256347e23c,2
24ae3325d2,2
24b0c8a892,2
24bddd6951,2
25be8027f8,2
25e29f435a,2
23b690f3bb,2
23c4ef862f,2
234f00b399,2
2436d0bb7b,2
2438e39a13,2
2412828e98,2
243eccf16b,2
246c985391,2
28bfb2cea0,2
28ec3fd296,2
27c02c49c2,2
270851c295,2
271ccf6c3d,2
2740b940bd,2
26d77d81d1,2
26e0efe1a7,2
2520140a6e,2
26ed2d580e,2
25c645797f,2
2624df1a35,2
262548cd4e,2
26b925e768,2
26ca6b4613,2
2071c3a123,2
2017706ab6,2
20a643d783,2
20ddd39b8f,2
20f11ab00b,2
2144ee2612,2
21538c1973,2
224923b27f,2
224c93abdf,2
224ff24580,2
228c6ab75d,2
21ffd14380,2
2234803435,2
1dda1f54ab,2
1e48a8f115,2
1db236e848,2
1db6f02178,2
1df48d031e,2
1d24d2fdf6,2
1d5669302e,2
1d6a588da1,2
1d7b75fe9c,2
1d40484011,2
1ec989acd6,2
2005bde6c0,2
1e92df4862,2
1e23d61fb3,2
1e779849eb,2
1eda72be80,2
0d17705765,2
0d4b397426,2
0d500675d1,2
0e148f7b11,2
0f43f3a0f8,2
0f4b52f82a,2
0e7e2dbe14,2
0e357844ea,2
0c9350edc4,2
0c508b2f2e,2
0c54d18ecc,2
0ad78ed4d8,2
0c3f17ec0a,2
0bd169bf46,2
0c13fd3615,2
0b686f89d9,2
0ae790277e,2
07dfd98cca,2
07aa16b6b8,2
08132a7d68,2
08ad4c1c5f,2
08bfbc7078,2
0861d2c148,2
0a0b0d23d7,2
0a10acf1ef,2
09e5383393,2
09f8c9cbfb,2
0a476a12e4,2
0a5be0525d,2
0a7b446576,2
09aeb88e4d,2
0947bd9646,2
09283c5f73,2
06b75dd2c3,2
075db75e15,2
07297e3662,2
07497a1a0c,2
05996b3a58,2
05fff14ce9,2
054c774f63,2
05421243aa,2
04b8fee4f4,2
04bf7bdb45,2
0474efd1e5,2
051c71ca12,2
0436d3305d,2
03dfef8476,2
0453e2b1ad,2
029932a0c0,2
03025d88d4,2
030c65782a,2
03d6abd42d,2
031c2d65d4,2
032dc73b09,2
0355794634,2
027eb062e7,2
0246de3f75,2
0171ca4dbf,2
002a223d72,2
0064057e4e,2
0047104d7e,2
0021d4ca39,2
00bc92ad4d,2
01181dda59,2
0fcca54166,2
0fcd67d8a0,2
0e88ab4bf8,2
0f563783bd,2
0f52c85249,2
102959fa00,2
10db77b566,2
10cd9cb215,2
10743d6fce,2
107e9f995a,2
1287b2c317,2
12306c0871,2
112586e92f,2
1178c40563,2
1191f62e2a,2
11e46f7087,2
15f1d9be03,2
1504a53595,2
15a66c4096,2
161f54288d,2
16818a7f51,2
168f6c112c,2
169b0a6662,2
1703067569,2
16dfa093e8,2
141abd40e2,2
140cb1ebc9,2
1483bb2e45,2
14ab28dcee,2
14cf4be145,2
1ab3f5e74d,2
1a9acdc20e,2
1ace34f7e9,2
1b286a292c,2
1afb61d95e,2
1afbb51c46,2
19d7404d41,2
1a44b77ad9,2
1a73e72182,2
1b5735615c,2
1ba134794f,2
1bb0f83f54,2
1c56dd6c05,2
1c6066a06f,2
1c650c77f6,2
1c6bc20b4a,2
1c6f015d49,2
1cd3cdda3a,2
184dbd8ca6,2
18839ab75f,2
188c9bb547,2
1893651761,2
19b2a4e4a4,2
19a41420f6,2
1970108f54,2
1979c357a6,2
171ca62afe,2
178f2f20b7,2
176e35a41a,2
1802ead842,2
1807621e90,2
18214343ec,2
183b32b57f,2
17c7ecdb79,2
17daa1bf5d,2
4bd64f651a,2
4bc7642890,2
4b2ef22640,2
4afd9ed6f2,2
4d10ba7d23,2
4ce8d56c97,2
4cf10b6938,2
4c918fa45b,2
4c00c44d66,2
4c12527645,2
4c61f5f4b8,2
4dd3960829,2
4d9b95ae9d,2
4da5b5d92f,2
4d7534f4b1,2
4d5274cc85,2
4efb16b605,2
4eb9bf4af0,2
4e9b507cae,2
4e7d41c077,2
4e882afe09,2
4e3b266c74,2
4f015edcfd,2
4f2ad69975,2
4f3fc3d131,2
4f0f0a534b,2
4f7108b1f3,2
50017b0125,2
4fdac63838,2
4fdd3f5f4b,2
461564b768,2
46f0868f1c,2
46ba25c059,2
46d6e52f26,2
4590e0dd35,2
4560796f02,2
45c38d33e8,2
43cf09226d,2
4306870064,2
4316a275aa,2
4497c96da5,2
44beed7b47,2
44dfe5bdba,2
44f620ab87,2
4516dfb81f,2
47f0b3f662,2
4789e1a7a4,2
47e1673e8b,2
4836843915,2
4924b1cd88,2
48f4abbad9,2
48fbd16885,2
49cc72b9bb,2
49a46bd500,2
3d260ea1e8,2
3cf6a8e9c1,2
3d19bdb932,2
3d745c7bcb,2
3d748a6306,2
3cee8f716f,2
3c5cc97130,2
3de2cf137b,2
3e199155a9,2
3db6786425,2
3dcab29500,2
3dd61c8d4c,2
3f2e0ba34e,2
3efac327b2,2
3f00a57acf,2
3e998671f9,2
3f5254ae8d,2
3f92438d8c,2
3f9f313a9c,2
41c98ca474,2
422b3ff9f1,2
42bf36defb,2
428e262cad,2
42c7ddc1ca,2
365e3afbf6,2
366b43d45f,2
368ec2d114,2
36efff9f90,2
36c1b772c2,2
36cbcd9b1c,2
37c3bdaeda,2
3792df67dd,2
3735de9582,2
376f25fb50,2
376fa061a0,2
377cd80588,2
38350deae1,2
38a9de9442,2
38a75b421e,2
38ea89cfef,2
39068b28ed,2
38d44075cc,2
39e1c1dd4b,2
3a1744002b,2
39939f8d71,2
39a1461d14,2
39ce27e78e,2
3974f3dd13,2
39de17ef74,2
39e76d4fa7,2
3a2b5631c2,2
3adfd218e6,2
3ae73cc1a6,2
3b0ed98a6b,2
3b2e809ff6,2
3b34504eb5,2
3bb9b5c3ab,2
3b97c50a39,2
3ba97102ef,2
3c1e97d975,2
3bf75f83ef,2
526db1f37d,2
526fdb1fca,2
527b9438e9,2
528f425f84,2
5209d732c1,2
5228145c7d,2
522a8cd481,2
5232a4f2bc,2
51533c318d,2
512e932adb,2
513bda76e9,2
50ee775eb3,2
51c89f2fae,2
51da0241bd,2
53caf9f6b6,2
542d52b899,2
53ec5325a4,2
53699308b7,2
52deb96785,2
549b24e535,2
5489106691,2
55145a45ad,2
554a969378,2
554251a3a2,2
55b84db82e,2
55c5ff2f8a,2
5612e91586,2
565eeeddab,2
55d943c249,2
56db624a1b,2
58f670276e,2
58ff112240,2
58cb616b1c,2
59076877c4,2
5909632c7b,2
579b75ccc4,2
580f897e59,2
5a2ea7bdc3,2
5a3a5306a7,2
5a8209165a,2
595a955cab,2
5dc2f860ab,2
5d698f3bec,2
5c7b6ecc7d,2
5c9fce0bae,2
5c347fef0a,2
5c6c806ab6,2
5bbf316f58,2
5b23bd6003,2
5af407b906,2
5af8840798,2
63e97ba68f,2
6421cfd239,2
63eee588ac,2
63a4eecb43,2
637bdd8eeb,2
6446577539,2
628e750b09,2
62a42b6fc9,2
62ac94c17d,2
62476d205d,2
624d4398b3,2
625b87e5e3,2
622431b92a,2
6336701467,2
6300c162f3,2
6319a421ca,2
62dd6b08c9,2
5f98ed06d1,2
609206bced,2
60338b79fd,2
60fd669d87,2
614bbca22e,2
6005d83238,2
61f9036d73,2
618f3508bb,2
5e7405d7c8,2
5e84e85d57,2
5ec039c3d9,2
5f93f04d93,2
5f5e0471a3,2
5f6104a2c5,2
5f82329b21,2
5ecb2b2b26,2
6ad584b4ac,2
6ab6f0263a,2
6ac07aaf28,2
6a58a940aa,2
6a30efa8a7,2
6999d987ed,2
689f1565e0,2
68777ac6a2,2
68fcdc8883,2
68e39af3a3,2
695c4a4025,2
692c9e6694,2
65d0237b2a,2
664477529c,2
64ae11c645,2
65101dcd3b,2
6512a5e0bc,2
656b0fdb39,2
657f3c6d26,2
6548b07695,2
65615dba24,2
677de0828d,2
67d76d6802,2
67dc795e86,2
67e043bc29,2
67ed0a3046,2
67f84424d3,2
6835843faa,2
67200d6d6c,2
66f8b64fc8,2
66fec06add,2
6685ddb168,2
668cbbbc09,2
66d2b05a46,2
66b7f3d2b5,1
668a493943,1
66f272f8a3,1
66f81f908d,1
683dd3a219,1
683e8446f0,1
6843276517,1
67c76bc76a,1
67fe2f8456,1
675821c491,1
65631efd3b,1
64e9559e6a,1
64b68e5696,1
6648c36c7a,1
664a7645e6,1
66715f105e,1
6672fb71b5,1
659e03a5f9,1
65b188a5ad,1
6605eea6ad,1
660f4f1aca,1
661c3f357d,1
693453dc89,1
693e0e582b,1
693e8c74f0,1
6963cd7e62,1
69658e22c6,1
698c6feecc,1
691b1dbdc6,1
68859a21c2,1
682f3b5323,1
68647bac4f,1
68a2ee5577,1
68b3dc3a6d,1
68bd8aba6d,1
69da098084,1
6a4964ecc7,1
69e545b92d,1
69f82df79b,1
6a76cc8c55,1
6a7efe8ed5,1
6aa8faf7de,1
6a95dd9638,1
6af6e96ac3,1
6b00fe877e,1
6b0b2ae75e,1
6b35694b57,1
5ed27da31a,1
5f3a3e501d,1
5f3fa4b810,1
5f4d2055a7,1
5f5227869e,1
5eaa33f0d0,1
5eab6d1aea,1
5e37f4b824,1
5e860b2f63,1
61e713c210,1
6212a65d64,1
61ede07231,1
614d3c3966,1
603e515b9a,1
6050798e57,1
6053c91e26,1
60daa0e523,1
5f97f59ac2,1
5fdebd84b6,1
5ff641ba14,1
62e2ddba9b,1
630f93e061,1
62f7be8318,1
635e2e3be2,1
63242d7ff7,1
6324d69f44,1
622b44cea3,1
623908585f,1
628f33a94c,1
64522a3e25,1
6454932f26,1
6439ed3c1b,1
642fa4a2d9,1
649c700816,1
64a344e8ef,1
6460ed6d10,1
646c2ba629,1
6485572b11,1
63704b3f2a,1
63b156c29a,1
63b8adfccc,1
640704303f,1
63eb4d5229,1
5a9b417bb4,1
5b0e7e00d9,1
5b37f70247,1
5b44b67979,1
5b6102c619,1
5b616831f5,1
5b8c157963,1
5bc2ace4df,1
5bf9291941,1
5bfeb7ae5a,1
5c12bc434d,1
5c39a77fd6,1
5c515b1746,1
5c5366f2c3,1
5c548ed999,1
5cab605241,1
5cc1781842,1
5cce3fed66,1
5d1bb85d26,1
5d306ea9e0,1
5d3139ddd6,1
5d411cfd10,1
5d70e4b4ce,1
5d8ba818ce,1
5db545cf1d,1
5dfcb703c3,1
593f354d88,1
5944f51ad7,1
59c2bb0a82,1
59d9f9af89,1
59e120185a,1
59e6e0e9a1,1
59fbb5a913,1
5a5c2917ac,1
5a2dee0131,1
5a4fa360f4,1
584826b343,1
5869b57f44,1
57b09d4acf,1
57da241014,1
57fed2f480,1
57f0cdc403,1
58cda0b5b0,1
5900a2541d,1
5905f4682c,1
58b3b68a53,1
58bb93c478,1
58c252b6ad,1
58c9384488,1
586dac8504,1
5881f64687,1
588d74fee0,1
589480bb17,1
56f1d5f438,1
56bc29edc7,1
5715a01fe1,1
5715a7b620,1
578ec11a79,1
5778beffe5,1
5686e3adc5,1
55f81017df,1
560480d1a6,1
562d4bf5ca,1
5654d8f8af,1
55dd6bad9b,1
55e9cda13e,1
55cd9f49ff,1
55449f0b38,1
5545328ee3,1
5562c76367,1
54fdbcced6,1
552b8d059d,1
5534b6e07d,1
553fbd3414,1
548b1674b7,1
549da37a1e,1
54cd126587,1
538afca51c,1
5360d47db6,1
530b54e0eb,1
52c1373ebf,1
52cb028c49,1
531a227d1d,1
5335e5eac2,1
53b5b7bdd4,1
53cce93bb7,1
51e5599be3,1
51e73f8824,1
51c243c598,1
51659951a6,1
51922fb8a4,1
51f368c7c2,1
5202a0dfb5,1
529171198b,1
527b7fe468,1
3c00e858ee,1
3c09b39521,1
3c1bd8911f,1
3b9d721392,1
3b877c2e49,1
3bc059a62d,1
3a7d1f9936,1
3ab1856002,1
3ac8976398,1
39cee29abf,1
39a5d597a3,1
3a2b35f243,1
39e24a1604,1
39f29bf372,1
392dcfae36,1
3950c2db12,1
3992ca7a5f,1
396d79336f,1
397221cc23,1
390743cf15,1
3872677d18,1
377ef49526,1
378bcaf222,1
373954045d,1
373e5aba60,1
379c5f1ba3,1
376a282252,1
3714f50ff0,1
36911302db,1
36ae5d5888,1
3673c2585c,1
36673bbd48,1
36a150e862,1
36a3665b38,1
42cb7dbfe5,1
42e324f52d,1
42c2977ad6,1
42a0c7f8d0,1
42a5f1fb59,1
428328bc0c,1
428a1cf956,1
42b1c07594,1
42b296bc06,1
423dabca0d,1
41d26c8479,1
42185696cf,1
410cfa63c7,1
411be7ef95,1
4125dec842,1
412b8ed948,1
4130142adb,1
41847ad94e,1
41ba69297e,1
3fa00d67ff,1
3fa9e37bd0,1
3fabf69f8d,1
3f5c19de7f,1
3f71e7f571,1
3ff78ef4c5,1
3ffe10c12d,1
400e039e4e,1
3fdca5905f,1
3fe85bd307,1
406a774a16,1
406f605358,1
4079417c0d,1
3f8c367edb,1
402b2e81f7,1
408bcb91bc,1
4091422b6c,1
409d555d8d,1
409fe814de,1
40af59551a,1
404bf01a80,1
3ea3031321,1
3ea567b3a3,1
3ebf7a3bcf,1
3ec38897fa,1
3e7a2225f4,1
3e3be6c15e,1
3e4756284b,1
3f242b765e,1
3f3e03f37a,1
3ef7cc20ae,1
3dc2b41ea1,1
3e2adc8f41,1
3e2e3624a2,1
3e34062f5e,1
3c7372b979,1
3c9adaa65e,1
3c488e75a1,1
3c26ecef0e,1
3cf2b26289,1
3cf5d274a6,1
3ce3fba111,1
3ce55782ce,1
3d7f718621,1
3d9153ce85,1
3d5d3c6ae2,1
3d31af3d94,1
3d3a135e5c,1
3d1db9ac80,1
3d1ef31665,1
3cc82e5860,1
49a919c000,1
498c57ad94,1
4986f6d0b9,1
494e6c2adb,1
4950a0396b,1
49dae54730,1
49f8b0d673,1
4a2cf82f8b,1
4a445c0e08,1
4a4d23e85b,1
4a6fc0ce98,1
4918b364af,1
48850bb5bd,1
4889ca7957,1
48a753cf38,1
48bf95b2c9,1
483c3ef502,1
485b8e8ee7,1
48106a4b4a,1
47ab726129,1
47c7113214,1
47766d2e9d,1
46f51d0b43,1
46f9005bdb,1
4542f7d782,1
45535a13ba,1
4507cede36,1
44c56245d5,1
44839126d4,1
442dc71c72,1
4448be9f1e,1
44573a28e8,1
43545cc071,1
435eaaced0,1
43750d92f4,1
438d161e80,1
4395654577,1
43d80a2421,1
43ef3d6f9a,1
43f25de56a,1
45b3749ec9,1
45a977f9f2,1
457af666ae,1
457c8c0de8,1
463e1819cf,1
463edc0663,1
4649e3fe93,1
45d9e5e046,1
45f216d508,1
4610e2280b,1
46d82588c7,1
46770b8d85,1
46ac63b279,1
469077371d,1
4ff9e921ac,1
5025f30c24,1
511b9cf4be,1
50946fd50b,1
50c4361f34,1
50cb08d075,1
4f841ff75a,1
4faf91064e,1
4fbbaf6165,1
4fbc09e4cd,1
4f097f57f8,1
4e0aaf2da4,1
4e0f3836ea,1
4ec0622bd9,1
4d587f27d7,1
4d45a132bf,1
4d48215cec,1
4d5160d08d,1
4da8de3947,1
4dbb6dd732,1
4c607f1048,1
4c5d7b3d22,1
4bebcb7f98,1
4befff45fc,1
4c54dc7455,1
4c3043bfdc,1
4c9591913c,1
4c95abfb18,1
4ca8d0ee91,1
4cb59fb56a,1
4cbe0e6b4f,1
4cdd63ca9c,1
4ceefc41a1,1
4d12257f7e,1
4d2a4faee1,1
4b14a2d1ad,1
4aeacb4f82,1
4ad5e57975,1
4abf35f998,1
49fafaf24b,1
4a079ba63f,1
4baf13440a,1
4bd741c118,1
4bd1d5c245,1
4b9345add8,1
4b3d9dae58,1
4b3fafb0e3,1
4b442637d2,1
4b792f1cae,1
17f7697623,1
17f84cc1f2,1
17f8c3f13e,1
17ff4a9b6a,1
17d4293c19,1
17b3308798,1
183fb4fa4e,1
1824df5ab7,1
18343a5e72,1
181a567181,1
17737735ec,1
1778963585,1
177ba28681,1
1725bdaa56,1
176de01adc,1
174866a334,1
19b201faab,1
1923777df4,1
1926e27124,1
196cedacf1,1
18d8a01578,1
1901cd317a,1
19071e7f4d,1
18bd714035,1
18c4d002ff,1
18b1d574f0,1
1856599715,1
1858d146ea,1
185c7f38f8,1
18627bed1d,1
18658aaa3d,1
186bd487b3,1
186fe7bbe3,1
184b3e8d78,1
1cd6b3eb04,1
1ce63633be,1
1cc16f6687,1
1cc656225e,1
1c7f00090f,1
1b7cf57968,1
1c0fc49306,1
1b5d21829f,1
1b3ce47204,1
1b3efff173,1
1a85042eeb,1
1a87824d16,1
1a47696d72,1
1a47788b66,1
1a3e546f69,1
1af000f87a,1
1a9dcb567a,1
1ae341300d,1
1ac9fa7b67,1
14cf7686f4,1
14b3cf3a45,1
14a0ce86c1,1
145336eb91,1
13a7264869,1
13ee398ef8,1
1308a67a70,1
13099d6e24,1
12ff439399,1
135b979d5e,1
1367808883,1
16beea8299,1
16c45cb246,1
16cb113950,1
169d096c5b,1
16a5217e7e,1
16518a5919,1
150d776911,1
15573f6ded,1
156e72b4fa,1
158699021c,1
160457b91d,1
1543a29fef,1
15abd75f3d,1
15b7689561,1
15dba5bba6,1
15deacf8d5,1
11febc35b4,1
11b5e0e22e,1
11be1639d4,1
11da3ddb08,1
11873b820d,1
1136ed7bf5,1
113de01d29,1
112a0fe50d,1
1108417dd1,1
123eb3287a,1
12857d8027,1
12d778ce57,1
12a8bd4d43,1
12ad53f05b,1
1097f1f58a,1
1014e5f57e,1
10012ea1ef,1
103cdf665f,1
1042008a7c,1
0f90ab176b,1
0fcefa03c1,1
0fdc4da58a,1
0fe903b703,1
0facaa21e4,1
0121f51e14,1
0146d65339,1
015072c8a3,1
00c541b618,1
00cb702e88,1
00ce876f11,1
00a526461c,1
00226ee354,1
0025a16b22,1
0057dc3779,1
0065a37800,1
0069de3828,1
0072661ccb,1
017d19b7bf,1
01c1bfd369,1
01fe0deabe,1
02988afdc8,1
036be5a31d,1
0385ef037f,1
039cbc72e6,1
031cb0a4c1,1
02f1c9e1e3,1
02fc854020,1
02a38f2150,1
02ce308cd0,1
045e27b655,1
046bed863b,1
04242c5ecc,1
04ad78a987,1
048fe1664e,1
049908513c,1
04f3c0841c,1
04c8681f87,1
054586534a,1
06126233a7,1
06337abbd2,1
0642dc604c,1
069061fda6,1
05c8d2deef,1
07697486c7,1
079fa7a065,1
0758af988c,1
075b0c514c,1
06c29ed8d8,1
06cdadb8a8,1
06e88d4988,1
06ff178c72,1
093d318945,1
0957dabdf8,1
09c0ef47db,1
0ac7a15d3b,1
0a25de63c0,1
0a26574846,1
0a0ce01a8c,1
086ff6b299,1
0878f0a631,1
087cd13b16,1
087e9a35a8,1
089b093ea9,1
089e5c03e9,1
08b7c1f5ff,1
08d498d704,1
08e013dc14,1
0822adb02e,1
082de17a93,1
07b5d8a35e,1
07f50873d6,1
0b84795dc7,1
0b90c1c5e4,1
0b6c77b8f8,1
0c4c53a306,1
0c9ee08a90,1
0dcc9f6e2b,1
0dd7ba1384,1
0e7f436bf5,1
0ec1b8b454,1
0f1fee6edb,1
0eeff5933f,1
0f0040e48c,1
0f0bb0c048,1
0e207854d1,1
0e290535a8,1
0dbc51ce99,1
0d6ebf27b6,1
1ee18d119d,1
1eec0e5e53,1
1f1bf5739b,1
1f2be1fce8,1
1e7b0fe79f,1
1eaa07e8ac,1
1ec5725bf2,1
2004331e67,1
1fc422bf31,1
1ffd098cb1,1
1f575464fb,1
1f6ffbd333,1
1f7395c999,1
1f8022692c,1
1d552eee3f,1
1d218a4ad0,1
1cff979b31,1
1d09ec9b1a,1
1df51500a0,1
1dc440a88a,1
1dca1d6b57,1
1e4f47225a,1
1e57c541bc,1
1e18be7051,1
2244836f61,1
21e550ebee,1
21f3e52148,1
21aacdfbf4,1
219b652a51,1
219df8b9b5,1
219f31fdb3,1
229050de78,1
2300ec8882,1
23242bd90d,1
2326861cc8,1
232a2bfbb4,1
232e0edfcb,1
225910048a,1
226be66bb9,1
22a5234cb8,1
22b0a1a204,1
215dae96a1,1
21771a149f,1
2177c01578,1
2182591a3c,1
2182f907c2,1
20a7cc3826,1
20a9b52df6,1
20bc999762,1
201908dcf1,1
204b798e43,1
203a1f8c42,1
20817c8d11,1
208f265f92,1
2097109fba,1
20656931cd,1
20574f98bb,1
205b990813,1
26cb68dadc,1
26cdabfbd3,1
26c82d984a,1
26b639bf20,1
2636181184,1
265c88d25f,1
268ef63034,1
2740db0203,1
2753a77e4d,1
278a322736,1
2714181db0,1
27ca2199f4,1
27cd535fda,1
27ea43c201,1
27b4ae119d,1
27b9eb4c4f,1
285a3349ae,1
286bcff5a8,1
28508e76bc,1
27ee94c520,1
2802ca74db,1
280603b7b2,1
281cc18915,1
28f11b0dca,1
29304a2757,1
29391d9fd2,1
293e65b230,1
2944d408e9,1
28cbe5e8ad,1
2877d495a3,1
28aabd6105,1
246d6ee642,1
247f3c1f11,1
23b4723810,1
24156760e4,1
2416a70d37,1
24337632ea,1
24395ef35b,1
235d3599a4,1
23ebcd486b,1
23fd136118,1
23af5e8d04,1
2388b6fa4c,1
25e70aafa4,1
25ffb23972,1
2614b4758b,1
261b7beaee,1
2622084faf,1
25a36f29c7,1
257a3e7835,1
24c718f955,1
24dd82767c,1
250c5d884d,1
25653841a2,1
25693f4507,1
2560a60f65,1
2544556896,1
3478579b5f,1
34611846ed,1
34e5b489f8,1
34eac5a2e1,1
350226430d,1
350a527552,1
351f5cb557,1
35296aa0a6,1
352c9b3e4c,1
338d3f61a9,1
33e2d77de4,1
35b2ece71d,1
357ea7ec06,1
356e8264fb,1
34c5311364,1
36250fa609,1
3626b5d9d9,1
35e674f55a,1
364ace1ea6,1
35d13693f9,1
35bea6fc03,1
31456124de,1
31b4d09eaa,1
31bf349c75,1
31c784443e,1
31cab32013,1
323a34964a,1
32080e4e24,1
3213ed3a67,1
3217a9b83c,1
32646579f2,1
3290d2bce6,1
32b3f5a666,1
30df1cbedf,1
30df3e21b9,1
30918869bd,1
30a512e2e7,1
3052609824,1
30654dee08,1
2fcd17a396,1
2fdb427af5,1
2fb0a1b285,1
2fb597f222,1
2fe6222729,1
2fef403531,1
302695c1b4,1
30313616a6,1
2ec75806cc,1
2e9273fc13,1
2ed7539ee3,1
2ee92a76ee,1
2f2a4d3ebf,1
2f58ecf5dd,1
2f5ef551cb,1
2f7e49a9b1,1
2e68d86872,1
2e6183da44,1
2e2583cc62,1
2c8da366b3,1
2cc4732146,1
2cd59e931c,1
2cdf98f5cb,1
2cf72c0730,1
2cfa81d701,1
2ddbad3926,1
2d642cfb7a,1
2d7a1baab1,1
2d490ead1a,1
2d50d22767,1
2d5d286359,1
2b9f96ede8,1
2b3522f038,1
2af2f66a56,1
2af4eb06d0,1
2b008c9876,1
2b19daa2d7,1
2b19dd67c1,1
2bd67d3d02,1
2bfbce0c61,1
2c713e4f6c,1
2c16e32bd5,1
29a6e137d1,1
2a2af6d2eb,1
296c5a1eb2,1
29705422ac,1
295805d10a,1
2a5a0c7f8a,1
2a60a8a72c,1
2a7af719eb,1
2ad73e741e,1
2adccf7237,1
2ae5dd4c1e,1
2a86bd4c5a,1
9dba45e079,1
9d99ad7fe1,1
9ce8646003,1
9df93d57d0,1
9e0e83c193,1
9c6009223e,1
9d4aee36f4,1
9d590e6bbf,1
9cfe846d61,1
9d0765fe21,1
9d1037ce0c,1
9c347deb48,1
9c352e473e,1
9c02fcd230,1
9c09a48543,1
9c2d069500,1
9bf960552b,1
9bb43f655e,1
9b026c8670,1
9b06723a0b,1
9b12f735c7,1
9bab2d12b9,1
9b79ff4448,1
9b8c7cabcf,1
9b4aa77e15,1
9b6cfff57c,1
9b7551881b,1
9adb8550a0,1
9a89bb78d3,1
9a964e9ad4,1
99ec1680ce,1
990e413499,1
98d03f6d74,1
98d082d25f,1
98d71c6495,1
999ad79452,1
995485db5e,1
9955410316,1
9897bf461a,1
9865a3e3d0,1
9857c6aaef,1
9858a2ba88,1
94aff25d7f,1
94bcef3514,1
94cf146c50,1
9491d557b2,1
94921a0e65,1
9493187ee9,1
936d9c9595,1
93a596533f,1
93affe18b4,1
93b6e69c18,1
93c1a0ed8a,1
93db8a349c,1
9449cff418,1
93fcacd7f2,1
9246adb148,1
91df2b7f39,1
93679cf04c,1
933db93ff4,1
931fd2deab,1
93220ff1fd,1
92ad4f61bc,1
92b5c66c9e,1
951efbce49,1
95133f454f,1
950290e52e,1
956ba113b2,1
95806e44c7,1
95b0405efc,1
958c5e0ca8,1
958d28743e,1
959e4d5516,1
9624b3225e,1
9611f768ab,1
9602d0afb0,1
9713bdc401,1
96ddf4a2e6,1
977dd4d1e2,1
9734bfb176,1
97388047cd,1
975d712c71,1
96ec6418a7,1
96f181d9ac,1
9690faff65,1
87aee2ab65,1
87b0794950,1
87bb754c68,1
877e45c0f7,1
876f22b14f,1
8755dddd0f,1
8624d36802,1
865d46da86,1
8683d87680,1
86ffd88439,1
87120b235f,1
86ca79b7f8,1
847954138d,1
8462c54444,1
84d2cc9c52,1
84f70520b9,1
85d874a9f8,1
85da6ad740,1
85e8873fa4,1
85f8a1f087,1
85c2a4bd4d,1
85766c846c,1
8584641b3f,1
8588807532,1
8588afd70f,1
85a45facc5,1
855e0720fe,1
856a000680,1
856ce392a7,1
87d4db7f12,1
8849767b22,1
8828ed84a2,1
8894b8de19,1
8894dcb03b,1
885cafa847,1
885fac044f,1
88f555d506,1
88d680342d,1
891e0534be,1
8989888922,1
8973d725e3,1
897534f10c,1
8b0c3fc755,1
89fc6c08d7,1
8ab4bc238d,1
8a1cee8923,1
8a7dd95e88,1
8a86337a40,1
8a8ac7996c,1
89ad307fe8,1
89dd099309,1
89ee111a18,1
91ad97d483,1
91b16f0af0,1
91c8603452,1
9171ac4752,1
915bc5c1a3,1
90887d103f,1
9090655424,1
90a85424a9,1
909a20c0a3,1
90bcbe3a65,1
90cfb4e255,1
912dbb6114,1
910c6f3d03,1
8f72914c3f,1
8f5927e13b,1
8f19d94eb3,1
8f2a60f578,1
902e383060,1
902ecd0156,1
90525d8309,1
8fc837af01,1
8b3c81ea50,1
8b47b8e858,1
8b792a904f,1
8b80720596,1
8b9b7c09df,1
8bd28ddd53,1
8be712f15f,1
8d36afe207,1
8cdf8fbff6,1
8d1b60b2ce,1
8d284d3e87,1
8c1fad70ab,1
8c2ed62f81,1
8c58ccf406,1
8c60e7ce8e,1
8c896f692a,1
8df80fc86e,1
8dd784bed3,1
8de160b55f,1
8df149af54,1
8d9f160c17,1
8d9199a462,1
8e46e8d727,1
8e510e1fe1,1
8ec2a620ab,1
8ef3e53111,1
702135252d,1
6fe3b36515,1
6fe6ebcefc,1
6fbd7b3e03,1
6fb31c1f7b,1
704e052374,1
708d7d4db6,1
70e86a561b,1
70fee14dd6,1
70d2bfc73d,1
70abf3b6c9,1
6ebfdbdbf5,1
6e86d9481b,1
6e8cf7cded,1
6e8f1ae2a7,1
6e959c96a2,1
6e443cd1cc,1
6e6de5ea2c,1
6ed3d42c22,1
6f05edcbe6,1
6ef3305eda,1
6f5a6ada9e,1
6f9c7d5ebc,1
6f3a9039ce,1
6f451f2fba,1
6f46b0284c,1
6d038c0ea5,1
6cf5825dab,1
6cfb10cc8e,1
6d638a3b82,1
6d6a58d2be,1
6d6c924c62,1
6d91c20436,1
6d9ac6f1cc,1
6d9b9818f8,1
6dac7efb14,1
6dbe52f87b,1
6dc0a25488,1
6dc88fea60,1
6de3e56653,1
6df128cf97,1
6e24f0481e,1
6e256ddbb9,1
6c78cb4003,1
6c8ae453e6,1
6ca51a7e59,1
6bbe6494c2,1
6c15781899,1
6c1ab0f847,1
6c29f55a7a,1
6b9388ec8e,1
77ab03424b,1
777b05a868,1
780c766fb7,1
77ffa30151,1
7727789bcb,1
771fb2349e,1
768c0e5d8a,1
75609008d2,1
7514e5b346,1
7546e28b91,1
74ed35f3ff,1
74b56f324a,1
74c32e4612,1
74c52fd653,1
75e71a49bb,1
7592de39e8,1
759bfc08b3,1
762ff07827,1
7643bf15c9,1
7643f4eb81,1
76136d9359,1
7624fa0621,1
71fae3673b,1
7214cf68f9,1
721a7bf6a5,1
725278137a,1
72b475583d,1
72beb941c2,1
71b83215ba,1
71ae7d6d1a,1
717cc47cfb,1
717e0a9da2,1
71810c285a,1
718f6fb6fe,1
716a0e2145,1
71515d21f3,1
714806bad3,1
710de03cb0,1
7137a58eaa,1
72d4784da9,1
72c53b451f,1
725caac74a,1
7377db891e,1
737a9db7be,1
73533d9d90,1
7353777920,1
733f701de5,1
740e096ae0,1
7401a16265,1
738d0292f4,1
741f888351,1
743fb73596,1
7477833f5d,1
834bd964f2,1
83734c8c0f,1
8376fd0f03,1
838cf551d5,1
839f12a0b6,1
844e89cb43,1
843d6c3af7,1
843fe5ff6c,1
83bf17e342,1
83c954628d,1
83d1cd2b5c,1
83e8f9d7c6,1
840c210c19,1
84119e993d,1
82054fb9b6,1
8214188657,1
822612f294,1
8227914c08,1
8236cf9979,1
825903f982,1
81aaa6461c,1
81b5e7ec13,1
81c5a555b1,1
81e66e2453,1
82a6912f5f,1
827c7ac5cd,1
833b47f0a9,1
82ee71aa79,1
80f516b656,1
80fb010dd5,1
80cfecc93b,1
80d4528e9a,1
80d72fe8f7,1
80da3405fd,1
80db8883bd,1
8184383b75,1
818beb6766,1
81917f604b,1
813ac5ad83,1
808d826c2b,1
809bbb054d,1
8027ecaffc,1
802cc0983c,1
807e70fa13,1
7ecb0aec35,1
7ef1648804,1
7ea89dd8ea,1
7eba781674,1
7e93360326,1
7ef87734e3,1
7f13ef2024,1
7f21222a28,1
7fb0914dbd,1
7fb339913a,1
7fc812e040,1
7f8358bc17,1
7f424390c6,1
7f791d8bb2,1
8017d362fe,1
800db5bbec,1
801358475c,1
7be72fd7d0,1
7bce4d2d88,1
7ba38bdea3,1
7c1fda5fb5,1
7c3a1a7f38,1
7cb2538d1a,1
7cb5fe47eb,1
7cb607cd16,1
7cdf1815d6,1
7c61d29dc6,1
7c4e8a7806,1
7c55b991dd,1
7c826b11c9,1
7d10a65eed,1
7d29d6e2e1,1
7d6c97ad71,1
7d708ef742,1
7d666395d2,1
7dae56a82f,1
7db33b5b05,1
7dca971c05,1
7dcd569fbb,1
7dcd65d8fa,1
7dd1993def,1
7dd8f58b61,1
7d8ce2ce8b,1
7dee93a431,1
7df44e1c4a,1
7e5c8e639b,1
7e0cacaa98,1
7e1ffdb676,1
7e350941ab,1
79f5f49eae,1
7a30840a1e,1
7a60b9815e,1
7a65604fb3,1
7b58706682,1
7b6d880865,1
7b4df24816,1
7b4f40cd69,1
7b49dbadee,1
7ae8cc8dfc,1
7b2f25c214,1
78dd0c6f4a,1
7896cd779e,1
78ad1f3879,1
7891d1072c,1
7849cb89e1,1
7854e2a5cd,1
7856066d61,1
7869a8ebc4,1
795a0d9636,1
792db78954,1
793842a42c,1
793fa70ccf,1
79701b9b41,1
79a77f00be,1
79ab960f2c,1
ce3bee1e5b,1
ce58fff478,1
ce7e426bb5,1
cead509228,1
cef1521db8,1
cec2c14762,1
cf4791ca9b,1
cf3b7eed48,1
cf16d55f0c,1
cf0b150db2,1
d0a86b61cf,1
d0b3e0159c,1
d0b6b8c593,1
d0548fbab1,1
d07baad1b1,1
cf7052561f,1
cf86a76fde,1
cf86fe8c32,1
cf98401dbe,1
cfc809b34b,1
d0155afe7d,1
d0208d6fb2,1
cb93981896,1
cb76719f81,1
cb80ad4798,1
cae4676825,1
cae87788e3,1
cb023d63d9,1
cbd69e194b,1
cbedf84ff4,1
cc10fa30c1,1
cc12169aa1,1
cc544a904b,1
cc5b76eec4,1
cd38a92b36,1
cd72a9be15,1
cd7f19f952,1
cd59fe72d7,1
cd61f95fed,1
cca2682444,1
ccb23e2cf8,1
ccddd402b3,1
cd8db76103,1
cdbcba504f,1
cde9250e2e,1
cdfe900e9a,1
ce1cb252d3,1
cde38c6235,1
cde66af166,1
ca1f7ad8f6,1
ca1fabb8dc,1
ca719ee18d,1
ca77145916,1
ca8b352c8e,1
ca8d81a0a9,1
ca7cfd4ac4,1
cab961c2e1,1
cacb221bfa,1
cacbb2bbb8,1
c93a484fcf,1
c9e3d9793a,1
ca1cb9b601,1
c9a3bb59c2,1
c887e31346,1
c874016ba0,1
c87c17daff,1
c84c0f7cb1,1
c8001238bb,1
c9155a2b16,1
c97567112f,1
c977f5bd1a,1
c8a663b920,1
c8ab3a7290,1
c8b37b2b4a,1
c593872ca3,1
c57c631143,1
c5880d9335,1
c5df8eaa81,1
c5e74d92cb,1
c5e80d3fd4,1
c5c29a5c1e,1
c501400176,1
c4c2079e23,1
c4d50d73ec,1
c4d600229d,1
c64203553f,1
c66698b9a4,1
c609cc4e38,1
c62ec1ac93,1
c673e41e01,1
c690a6f13e,1
c6a7b73360,1
c6c6cd8da7,1
c7088f2825,1
c7a0f27474,1
c6e206850d,1
c737d5c1c8,1
c7420c9abf,1
b892c84188,1
b8b814c87e,1
b8bb328368,1
b8c990673e,1
b906eb749d,1
b9458e7142,1
b838c71ccb,1
b82691391f,1
b7aab2087f,1
bb00cf0dce,1
bac7a57081,1
ba900622c3,1
ba457a99b9,1
b984fb2388,1
b987055eb3,1
b989b4ffe1,1
b99e509e0d,1
b9a76a6d21,1
bbe1f4296e,1
bbf74f3703,1
bc2315ddaa,1
bc3deb98b6,1
bc43140be4,1
bc512f1332,1
bc68f41789,1
bbca1161ad,1
bb8091127c,1
bb54ac2d01,1
bb188cf357,1
be4142976d,1
be4e0d8221,1
bdf97ada60,1
bd9101b6c1,1
bda75a222d,1
bd75547311,1
bd8d85deec,1
bcff2c186e,1
bcd6399d20,1
bd41260bb1,1
bd5f17c061,1
bcabd69333,1
bcb5fe0510,1
c3422e514c,1
c32e70ded0,1
c355ecc8dc,1
c35af54bbb,1
c36a44d680,1
c33988e074,1
c2ce87a8b3,1
c2fa144574,1
c28aa7f507,1
c27dcb02ee,1
c241bfd71c,1
c252e351a2,1
c253950b97,1
c45b28b13d,1
c410a2fbf9,1
c4a5f96c78,1
c4787bd8f4,1
c3d66ce216,1
c37f4b1e98,1
c38522b66d,1
c36e936823,1
c399af8239,1
c3a0089ae4,1
c3a46411c2,1
c3acdcf1f3,1
befbddccd9,1
bf48b7920d,1
bf056e9108,1
be690cdb02,1
be6c70bd61,1
be721bde79,1
be972539ba,1
be01f2663b,1
bf936cf3d5,1
bfb848cf4f,1
c019e8a219,1
c02a3ce5dd,1
bfef041a58,1
c1d6327304,1
c2143697e7,1
c22955c4c6,1
c1525fa597,1
c15d013cee,1
c16454e563,1
c1f9c080d1,1
c051332d3f,1
c0cb138526,1
c124e616d5,1
afdf4728ee,1
afdf48f27a,1
aec56b27c1,1
aefa84432d,1
ae7627d4cc,1
ae1ed40cac,1
ae8ac7a5f8,1
ae8dcbf2cf,1
ae93e8515e,1
aeaa5f968d,1
b03513fae7,1
afbca4b470,1
b061649940,1
b0727f202d,1
b0776f3246,1
b07c1507e7,1
b08d4866b8,1
b0a8ec63f1,1
b16583b2d8,1
b0d090d72d,1
b0ba34e080,1
b0c37153f8,1
b0d9cc6d10,1
b0e1e86e0f,1
b0f5a02f15,1
ab456dc4b7,1
ab4bdcbbfb,1
ab508329f6,1
ab547e6a17,1
ab13305e7d,1
ac26e2eddf,1
abea2ba5f9,1
ac12bc0484,1
ac48dd39fa,1
ac5a1f641a,1
adede10bb6,1
adc2572c1a,1
adc536a45e,1
ada25aba83,1
ada61762ff,1
ad27c06922,1
ad27d96330,1
ad35f752c7,1
ad5339c089,1
acd25934a1,1
ac85508a56,1
ac8c09ab74,1
b2ef13d4df,1
b316cce9e5,1
b353febff8,1
b37b2d5872,1
b3b254244a,1
b3b9891d81,1
b3ba558c78,1
b3d502c9c9,1
b3e9b857a3,1
b41e56234a,1
b401e593aa,1
b415faef26,1
b2b801023f,1
b2c4e6bbf0,1
b1be8042be,1
b1c93a00ae,1
b19bee1725,1
b180578ce4,1
b202c1461a,1
b213c820f9,1
b21f6fa1bf,1
b223bcd68d,1
b5e1bede96,1
b6074fb505,1
b63d2878a1,1
b62893ec48,1
b6318b4fec,1
b6331f1c69,1
b71cebf672,1
b703994723,1
b6e74c6647,1
b7925361c7,1
b744206701,1
b58effab57,1
b55a5a50d9,1
b58406df99,1
b502d5a8ed,1
b5421988fd,1
b47ba25910,1
b459270ebf,1
b442f48df2,1
b4e28a9d06,1
b4ee6d2f71,1
b492c10c4a,1
b4b9099a2a,1
a156c5a18c,1
a15d0ab196,1
a17ed8576f,1
a00e9c0793,1
a0109702fe,1
a01242c931,1
a034290caa,1
a0404babce,1
a04e62af5e,1
a08af62b28,1
a0cf53e84d,1
9f8ca6f4ba,1
9f213bf3e7,1
9f2d7c0698,1
9f7232f488,1
9ec182b4fc,1
9ee33ad12b,1
9ef45db31b,1
9f0a8eea5f,1
9f0b8440ef,1
9e8e26e30d,1
9e9c40f0c6,1
a26156c5d6,1
a2800668da,1
a2e10b40a8,1
a2cfaa89e4,1
a1f9e21c41,1
a1dbe3ad78,1
a1ef7fa5e7,1
a1b1acf65d,1
a1b21563a3,1
a20dcddfad,1
a219028d71,1
a241a01ac2,1
a319b39866,1
a33dad0f74,1
a38d8ff54c,1
a3a3fa3aa7,1
a35b7f54fb,1
a35cd165bf,1
a372d23f80,1
a3b9c54d57,1
a3e2cdb650,1
a46d7c161c,1
a421d6edde,1
a449c23b94,1
aaffcb9ecc,1
aadc5bfbaa,1
aa70c85f72,1
aa7fb27572,1
a94f5b221c,1
a94fe05cc8,1
a95918735c,1
a9663eb4ab,1
a975ab578c,1
a983591886,1
aa1b6a3b70,1
aa1f5da683,1
aa264e80dd,1
a9d029b286,1
aa5c48566f,1
a855076f93,1
a88fe74d5c,1
a894ccd531,1
a82a36f76f,1
a7dfb36b3b,1
a7e717b23e,1
a7ed39c030,1
a8046891cd,1
a80cf7adaa,1
a8bab37d00,1
a8ea6b1901,1
a8c836b2ac,1
a92ef0a77c,1
a5f36ae457,1
a5f661c40f,1
a57b826413,1
a58031f04d,1
a56c168d98,1
a4f725c83a,1
a54a6b10ab,1
a48e33ef36,1
a4bb2f3c01,1
a4bdba7fe4,1
a51926166f,1
a641d9f725,1
a622b3af61,1
a685c8c59a,1
a67515554f,1
a6ae226769,1
a75495f8b7,1
a718953d6e,1
db9b3b0e23,1
db7b4785d8,1
db8c118897,1
db4591a743,1
db3a04bd20,1
dbc2dc2d6e,1
dbedd11bc5,1
dc3f737449,1
dc43345773,1
dc573d001b,1
dc7d6d43b5,1
dcb8692f98,1
dc97950306,1
dc9ad67a1d,1
dcbebab858,1
dcdc93c917,1
dce241b9d1,1
dd11180780,1
dd17dc0870,1
dcea5ef9d7,1
dcee3c3ac8,1
dda047fd10,1
dd5df3dbff,1
dd7b6fc274,1
de13de85e2,1
de69772a6a,1
dde7241864,1
ddb31a7959,1
ddf5b00fb6,1
da578b461f,1
da624e21d6,1
da62e3483a,1
da81d5c942,1
da4123a5a9,1
daef47681b,1
daabd9fda5,1
d988fec5e9,1
d9cea64c6f,1
da26659f92,1
d9f916dba1,1
d9ff661b28,1
d7c280f2bf,1
d74038637b,1
d7609ea5bc,1
d76933a4d4,1
d76d7b6aa5,1
d815f5e069,1
d7d25e2eed,1
d830df8c72,1
d83b5628cd,1
d840a979b7,1
d870adbc27,1
d8f2c87ac7,1
d8f3de10ed,1
d89a7f6494,1
d8a1793b2d,1
d8c9ccfd79,1
d6a3308a85,1
d6ccc92ab8,1
d72d786786,1
d696d0adbe,1
d66f45a9b4,1
d684725296,1
d6850bac88,1
d5e1424676,1
d62b7938b1,1
d641e14a44,1
d64dc1d95f,1
d5b46dbb62,1
d58ebdc65e,1
d5919cbbe5,1
d5779cd549,1
d512e57531,1
d53169b1b9,1
d544dec9c8,1
d3df38495c,1
d42201b6a8,1
d4310fccd7,1
d4343b942c,1
d434d15693,1
d4e1025814,1
d4abae82b2,1
d45b2155a1,1
d3b925c6d7,1
d3bac0d002,1
d34c51fc5a,1
d370763f5d,1
d37bef8e86,1
d383655b81,1
d395756651,1
d395bb7c23,1
d3a22aee98,1
d3a68c9e63,1
d3206726b8,1
d32a53a8ad,1
d2caff8843,1
d2b977e76a,1
d12323622e,1
d12c1e701e,1
d0d95f4c8f,1
d26e76d251,1
d23025e1a0,1
d23a97496a,1
d1c32a19ec,1
d1c928a569,1
d198a331a8,1
df65f66155,1
df6f2cbe6f,1
df491de1b1,1
df646f61f7,1
dfd7072f62,1
df3b95d842,1
df1685818f,1
ded6a5af97,1
de85fcb502,1
e0c8800afd,1
e0bddd6bec,1
e0fad04678,1
e155cf1f96,1
e10e119d4d,1
e01116f3cf,1
e06dfbc2c9,1
e01a66ad6a,1
e032c200fe,1
e05c400bcb,1
e39b03e479,1
e3b0b6af2b,1
e30ba31a16,1
e35da3d30e,1
e44a4c6f7d,1
e452be6eb2,1
e42cb39c72,1
e414245421,1
e21ec054f4,1
e305edcf4a,1
e2e66c5f49,1
e2dc88bbfe,1
e1a70c76b3,1
e1e3bb0983,1
e1c10892a5,1
e1d6a5b532,1
e1963ead33,1
e1978984c1,1
e17896501b,1
e17efc9b07,1
e188669814,1
e18b3209c0,1
e8b7c13e4b,1
e8b8e4a8a2,1
e8e5e2c92c,1
e84ea06d1f,1
e85bf1e5ac,1
e8866fcb54,1
e893d822a1,1
e89fd7dc4a,1
e8a4ee75cc,1
e93a1f1de3,1
e913de04a9,1
e963a44cc1,1
e96788f1d9,1
e904a17a61,1
e8fc9129c0,1
eadd3d4d90,1
eb26c98617,1
ea71111c3d,1
ea46455102,1
ea1dcb5601,1
e987311365,1
e971b954ce,1
e97560fd8b,1
e9c1dc8cc6,1
e999b400aa,1
e9a3672b50,1
e5ae757a9c,1
e5dd890c73,1
e5a4d865c3,1
e6390e2836,1
e6585d762e,1
e660735914,1
e4686af54f,1
e46d88213b,1
e47a3c6070,1
e48e10c688,1
e4b3391b0c,1
e4b9b21aef,1
e4ba8ad70a,1
e4bd5c8c92,1
e4c18807d6,1
e5375e0bbf,1
e76bcfb878,1
e7bf367260,1
e7c61d269d,1
e764cb8c36,1
e75f149205,1
e70724af14,1
e7080f11db,1
e71ac88d0b,1
e6f324a181,1
e6f70f43ab,1
e6cb7e554d,1
e6b0e6db9b,1
e5f1a49781,1
e68e22e007,1
f87a5ce277,1
f892299457,1
f8dbd3df95,1
f8a5dfe33d,1
f8baa33a03,1
f9c1ffb65a,1
f99f914ff4,1
f9484fec25,1
f9039ae2d6,1
f66c4fdee4,1
f66dba0f04,1
f68ee56e65,1
f65171fc25,1
f621e645f2,1
f60b775cac,1
f6c5219758,1
f6aee5ee06,1
f74763d1ea,1
f70ff49700,1
f5ab98ad97,1
f549c00673,1
f5ee82a928,1
f51890b1d3,1
f57637cbf5,1
f58f8a81fa,1
f4ce58edee,1
f4cedeb2a6,1
f471d7d2f8,1
f465121d86,1
f41a5e7f1d,1
f42b779ad8,1
f31ba8da48,1
f32022dda3,1
f35db598bf,1
f3d1b149e0,1
f3f8ce9125,1
f3adbca9bc,1
f3ba153d6d,1
f2659170dd,1
f266b223e2,1
f2726807bd,1
f30134d0ee,1
f308fac7af,1
f2e5040352,1
f2b6d47cb2,1
efaddcd7a7,1
ef8e822c8f,1
eec5390d1d,1
eed19714c2,1
eeed503c37,1
ef1bde28a4,1
ef3e3addf9,1
f1861d5114,1
f1b0a7599d,1
f19e1cc848,1
f16487fb92,1
f15b53fb5d,1
f151974d9b,1
f125a479d1,1
f1d299dd48,1
f1e0373c95,1
f1ec3fb78f,1
f1f5238aa5,1
f20b5ada5c,1
f2490d2f54,1
ec73705801,1
ec76b3078a,1
ec8ef9d52a,1
ecd940cc1a,1
ecf041c360,1
ebd0dc7f38,1
ee287e4d1b,1
ee9655b577,1
eead85b400,1
ee43d7320e,1
edcbfb1df0,1
eda3bf2e83,1
ed20cf82c3,1
ed695777fa,1
ed78844a76,1
fea06a6f9a,1
fef851d8bc,1
fee255c071,1
ff2fd7962f,1
ff0431080f,1
ff056ed9f6,1
ff0c2c56c2,1
fe04383b6f,1
fde1c19dc7,1
fe3021fa78,1
fe72be1ee0,1
fe829103ed,1
fe92e33e79,1
fe6b50ec0b,1
ffcbf6f9c5,1
ffc1440ceb,1
ffc4107133,1
ff67b451ba,1
ff895e34f7,1
ff97184d4b,1
ffa162e34a,1
fd74dbaf4d,1
fdce676aff,1
fdd1d10edb,1
fcef36b3d0,1
fd3a63a1a4,1
fc1dd153bf,1
fbc4ad5917,1
fbca9c4003,1
fbd8d588fa,1
fc9129ae0c,1
fcb50bf1c6,1
fcc5c3321d,1
fa8b27f9ee,1
fa8bff1258,1
fa494c88fe,1
fa4af14f79,1
fa4d5dd5ab,1
fa517169a4,1
fa564e07c5,1
fa29e7f864,1
f9e0762530,1
f9f2cf172e,1
fb46ea25a3,1
fb62b6e37b,1
faece24680,1
fb161d83ed,1
fb1755bcdb,1
fbc30a2242,1
fba3a9b57c,1
fb9e814d3d,1
